ordinal,uid,model,gsim,weight
0,b1~b11_b21_b31_b41_@_b71,2015_H_modelcollapsed_faults.xml,AbrahamsonEtAl2014() AbrahamsonEtAl2015SInter() AbrahamsonEtAl2014() AbrahamsonEtAl2015SSlab() Abrah,0.00195312
1,b1~b11_b21_b31_b42_@_b71,2015_H_modelcollapsed_faults.xml,AbrahamsonEtAl2014() AbrahamsonEtAl2015SInter() AbrahamsonEtAl2014() ZhaoEtAl2006SSlabCascadia() Abr,0.00195312
2,b1~b11_b21_b31_b43_@_b71,2015_H_modelcollapsed_faults.xml,AbrahamsonEtAl2014() AbrahamsonEtAl2015SInter() AbrahamsonEtAl2014() GarciaEtAl2005SSlab() Abrahamso,0.00195312
3,b1~b11_b21_b31_b44_@_b71,2015_H_modelcollapsed_faults.xml,AbrahamsonEtAl2014() AbrahamsonEtAl2015SInter() AbrahamsonEtAl2014() AtkinsonBoore2003SSlabCascadia(,0.00195312
4,b1~b11_b21_b32_b41_@_b71,2015_H_modelcollapsed_faults.xml,AbrahamsonEtAl2014() AbrahamsonEtAl2015SInter() BooreEtAl2014() AbrahamsonEtAl2015SSlab() Abrahamson,0.00195312
5,b1~b11_b21_b32_b42_@_b71,2015_H_modelcollapsed_faults.xml,AbrahamsonEtAl2014() AbrahamsonEtAl2015SInter() BooreEtAl2014() ZhaoEtAl2006SSlabCascadia() Abrahams,0.00195312
6,b1~b11_b21_b32_b43_@_b71,2015_H_modelcollapsed_faults.xml,AbrahamsonEtAl2014() AbrahamsonEtAl2015SInter() BooreEtAl2014() GarciaEtAl2005SSlab() AbrahamsonEtAl,0.00195312
7,b1~b11_b21_b32_b44_@_b71,2015_H_modelcollapsed_faults.xml,AbrahamsonEtAl2014() AbrahamsonEtAl2015SInter() BooreEtAl2014() AtkinsonBoore2003SSlabCascadia() Abr,0.00195312
8,b1~b11_b21_b33_b41_@_b71,2015_H_modelcollapsed_faults.xml,AbrahamsonEtAl2014() AbrahamsonEtAl2015SInter() CampbellBozorgnia2014() AbrahamsonEtAl2015SSlab() Ab,0.00195312
9,b1~b11_b21_b33_b42_@_b71,2015_H_modelcollapsed_faults.xml,AbrahamsonEtAl2014() AbrahamsonEtAl2015SInter() CampbellBozorgnia2014() ZhaoEtAl2006SSlabCascadia() ,0.00195312
10,b1~b11_b21_b33_b43_@_b71,2015_H_modelcollapsed_faults.xml,AbrahamsonEtAl2014() AbrahamsonEtAl2015SInter() CampbellBozorgnia2014() GarciaEtAl2005SSlab() Abraha,0.00195312
11,b1~b11_b21_b33_b44_@_b71,2015_H_modelcollapsed_faults.xml,AbrahamsonEtAl2014() AbrahamsonEtAl2015SInter() CampbellBozorgnia2014() AtkinsonBoore2003SSlabCascad,0.00195312
12,b1~b11_b21_b34_b41_@_b71,2015_H_modelcollapsed_faults.xml,AbrahamsonEtAl2014() AbrahamsonEtAl2015SInter() ChiouYoungs2014() AbrahamsonEtAl2015SSlab() Abrahams,0.00195312
13,b1~b11_b21_b34_b42_@_b71,2015_H_modelcollapsed_faults.xml,AbrahamsonEtAl2014() AbrahamsonEtAl2015SInter() ChiouYoungs2014() ZhaoEtAl2006SSlabCascadia() Abraha,0.00195312
14,b1~b11_b21_b34_b43_@_b71,2015_H_modelcollapsed_faults.xml,AbrahamsonEtAl2014() AbrahamsonEtAl2015SInter() ChiouYoungs2014() GarciaEtAl2005SSlab() AbrahamsonEt,0.00195312
15,b1~b11_b21_b34_b44_@_b71,2015_H_modelcollapsed_faults.xml,AbrahamsonEtAl2014() AbrahamsonEtAl2015SInter() ChiouYoungs2014() AtkinsonBoore2003SSlabCascadia() A,0.00195312
16,b1~b11_b22_b31_b41_@_b71,2015_H_modelcollapsed_faults.xml,AbrahamsonEtAl2014() ZhaoEtAl2006SInterCascadia() AbrahamsonEtAl2014() AbrahamsonEtAl2015SSlab() Abr,0.00195312
17,b1~b11_b22_b31_b42_@_b71,2015_H_modelcollapsed_faults.xml,AbrahamsonEtAl2014() ZhaoEtAl2006SInterCascadia() AbrahamsonEtAl2014() ZhaoEtAl2006SSlabCascadia() A,0.00195312
18,b1~b11_b22_b31_b43_@_b71,2015_H_modelcollapsed_faults.xml,AbrahamsonEtAl2014() ZhaoEtAl2006SInterCascadia() AbrahamsonEtAl2014() GarciaEtAl2005SSlab() Abraham,0.00195312
19,b1~b11_b22_b31_b44_@_b71,2015_H_modelcollapsed_faults.xml,AbrahamsonEtAl2014() ZhaoEtAl2006SInterCascadia() AbrahamsonEtAl2014() AtkinsonBoore2003SSlabCascadi,0.00195312
20,b1~b11_b22_b32_b41_@_b71,2015_H_modelcollapsed_faults.xml,AbrahamsonEtAl2014() ZhaoEtAl2006SInterCascadia() BooreEtAl2014() AbrahamsonEtAl2015SSlab() Abrahams,0.00195312
21,b1~b11_b22_b32_b42_@_b71,2015_H_modelcollapsed_faults.xml,AbrahamsonEtAl2014() ZhaoEtAl2006SInterCascadia() BooreEtAl2014() ZhaoEtAl2006SSlabCascadia() Abraha,0.00195312
22,b1~b11_b22_b32_b43_@_b71,2015_H_modelcollapsed_faults.xml,AbrahamsonEtAl2014() ZhaoEtAl2006SInterCascadia() BooreEtAl2014() GarciaEtAl2005SSlab() AbrahamsonEt,0.00195312
23,b1~b11_b22_b32_b44_@_b71,2015_H_modelcollapsed_faults.xml,AbrahamsonEtAl2014() ZhaoEtAl2006SInterCascadia() BooreEtAl2014() AtkinsonBoore2003SSlabCascadia() A,0.00195312
24,b1~b11_b22_b33_b41_@_b71,2015_H_modelcollapsed_faults.xml,AbrahamsonEtAl2014() ZhaoEtAl2006SInterCascadia() CampbellBozorgnia2014() AbrahamsonEtAl2015SSlab() ,0.00195312
25,b1~b11_b22_b33_b42_@_b71,2015_H_modelcollapsed_faults.xml,AbrahamsonEtAl2014() ZhaoEtAl2006SInterCascadia() CampbellBozorgnia2014() ZhaoEtAl2006SSlabCascadia(,0.00195312
26,b1~b11_b22_b33_b43_@_b71,2015_H_modelcollapsed_faults.xml,AbrahamsonEtAl2014() ZhaoEtAl2006SInterCascadia() CampbellBozorgnia2014() GarciaEtAl2005SSlab() Abra,0.00195312
27,b1~b11_b22_b33_b44_@_b71,2015_H_modelcollapsed_faults.xml,AbrahamsonEtAl2014() ZhaoEtAl2006SInterCascadia() CampbellBozorgnia2014() AtkinsonBoore2003SSlabCasc,0.00195312
28,b1~b11_b22_b34_b41_@_b71,2015_H_modelcollapsed_faults.xml,AbrahamsonEtAl2014() ZhaoEtAl2006SInterCascadia() ChiouYoungs2014() AbrahamsonEtAl2015SSlab() Abraha,0.00195312
29,b1~b11_b22_b34_b42_@_b71,2015_H_modelcollapsed_faults.xml,AbrahamsonEtAl2014() ZhaoEtAl2006SInterCascadia() ChiouYoungs2014() ZhaoEtAl2006SSlabCascadia() Abra,0.00195312
30,b1~b11_b22_b34_b43_@_b71,2015_H_modelcollapsed_faults.xml,AbrahamsonEtAl2014() ZhaoEtAl2006SInterCascadia() ChiouYoungs2014() GarciaEtAl2005SSlab() Abrahamson,0.00195312
31,b1~b11_b22_b34_b44_@_b71,2015_H_modelcollapsed_faults.xml,AbrahamsonEtAl2014() ZhaoEtAl2006SInterCascadia() ChiouYoungs2014() AtkinsonBoore2003SSlabCascadia(),0.00195312
32,b1~b11_b23_b31_b41_@_b71,2015_H_modelcollapsed_faults.xml,AbrahamsonEtAl2014() AtkinsonMacias2009() AbrahamsonEtAl2014() AbrahamsonEtAl2015SSlab() AbrahamsonE,0.00195312
33,b1~b11_b23_b31_b42_@_b71,2015_H_modelcollapsed_faults.xml,AbrahamsonEtAl2014() AtkinsonMacias2009() AbrahamsonEtAl2014() ZhaoEtAl2006SSlabCascadia() Abrahamso,0.00195312
34,b1~b11_b23_b31_b43_@_b71,2015_H_modelcollapsed_faults.xml,AbrahamsonEtAl2014() AtkinsonMacias2009() AbrahamsonEtAl2014() GarciaEtAl2005SSlab() AbrahamsonEtAl2,0.00195312
35,b1~b11_b23_b31_b44_@_b71,2015_H_modelcollapsed_faults.xml,AbrahamsonEtAl2014() AtkinsonMacias2009() AbrahamsonEtAl2014() AtkinsonBoore2003SSlabCascadia() Abra,0.00195312
36,b1~b11_b23_b32_b41_@_b71,2015_H_modelcollapsed_faults.xml,AbrahamsonEtAl2014() AtkinsonMacias2009() BooreEtAl2014() AbrahamsonEtAl2015SSlab() AbrahamsonEtAl20,0.00195312
37,b1~b11_b23_b32_b42_@_b71,2015_H_modelcollapsed_faults.xml,AbrahamsonEtAl2014() AtkinsonMacias2009() BooreEtAl2014() ZhaoEtAl2006SSlabCascadia() AbrahamsonEtAl,0.00195312
38,b1~b11_b23_b32_b43_@_b71,2015_H_modelcollapsed_faults.xml,AbrahamsonEtAl2014() AtkinsonMacias2009() BooreEtAl2014() GarciaEtAl2005SSlab() AbrahamsonEtAl2014(),0.00195312
39,b1~b11_b23_b32_b44_@_b71,2015_H_modelcollapsed_faults.xml,AbrahamsonEtAl2014() AtkinsonMacias2009() BooreEtAl2014() AtkinsonBoore2003SSlabCascadia() Abrahamso,0.00195312
40,b1~b11_b23_b33_b41_@_b71,2015_H_modelcollapsed_faults.xml,AbrahamsonEtAl2014() AtkinsonMacias2009() CampbellBozorgnia2014() AbrahamsonEtAl2015SSlab() Abrahams,0.00195312
41,b1~b11_b23_b33_b42_@_b71,2015_H_modelcollapsed_faults.xml,AbrahamsonEtAl2014() AtkinsonMacias2009() CampbellBozorgnia2014() ZhaoEtAl2006SSlabCascadia() Abraha,0.00195312
42,b1~b11_b23_b33_b43_@_b71,2015_H_modelcollapsed_faults.xml,AbrahamsonEtAl2014() AtkinsonMacias2009() CampbellBozorgnia2014() GarciaEtAl2005SSlab() AbrahamsonEt,0.00195312
43,b1~b11_b23_b33_b44_@_b71,2015_H_modelcollapsed_faults.xml,AbrahamsonEtAl2014() AtkinsonMacias2009() CampbellBozorgnia2014() AtkinsonBoore2003SSlabCascadia() A,0.00195312
44,b1~b11_b23_b34_b41_@_b71,2015_H_modelcollapsed_faults.xml,AbrahamsonEtAl2014() AtkinsonMacias2009() ChiouYoungs2014() AbrahamsonEtAl2015SSlab() AbrahamsonEtAl,0.00195312
45,b1~b11_b23_b34_b42_@_b71,2015_H_modelcollapsed_faults.xml,AbrahamsonEtAl2014() AtkinsonMacias2009() ChiouYoungs2014() ZhaoEtAl2006SSlabCascadia() AbrahamsonEt,0.00195312
46,b1~b11_b23_b34_b43_@_b71,2015_H_modelcollapsed_faults.xml,AbrahamsonEtAl2014() AtkinsonMacias2009() ChiouYoungs2014() GarciaEtAl2005SSlab() AbrahamsonEtAl2014,0.00195312
47,b1~b11_b23_b34_b44_@_b71,2015_H_modelcollapsed_faults.xml,AbrahamsonEtAl2014() AtkinsonMacias2009() ChiouYoungs2014() AtkinsonBoore2003SSlabCascadia() Abraham,0.00195312
48,b1~b11_b24_b31_b41_@_b71,2015_H_modelcollapsed_faults.xml,AbrahamsonEtAl2014() GhofraniAtkinson2014Cascadia() AbrahamsonEtAl2014() AbrahamsonEtAl2015SSlab() A,0.00195312
49,b1~b11_b24_b31_b42_@_b71,2015_H_modelcollapsed_faults.xml,AbrahamsonEtAl2014() GhofraniAtkinson2014Cascadia() AbrahamsonEtAl2014() ZhaoEtAl2006SSlabCascadia(),0.00195312
50,b1~b11_b24_b31_b43_@_b71,2015_H_modelcollapsed_faults.xml,AbrahamsonEtAl2014() GhofraniAtkinson2014Cascadia() AbrahamsonEtAl2014() GarciaEtAl2005SSlab() Abrah,0.00195312
51,b1~b11_b24_b31_b44_@_b71,2015_H_modelcollapsed_faults.xml,AbrahamsonEtAl2014() GhofraniAtkinson2014Cascadia() AbrahamsonEtAl2014() AtkinsonBoore2003SSlabCasca,0.00195312
52,b1~b11_b24_b32_b41_@_b71,2015_H_modelcollapsed_faults.xml,AbrahamsonEtAl2014() GhofraniAtkinson2014Cascadia() BooreEtAl2014() AbrahamsonEtAl2015SSlab() Abraha,0.00195312
53,b1~b11_b24_b32_b42_@_b71,2015_H_modelcollapsed_faults.xml,AbrahamsonEtAl2014() GhofraniAtkinson2014Cascadia() BooreEtAl2014() ZhaoEtAl2006SSlabCascadia() Abra,0.00195312
54,b1~b11_b24_b32_b43_@_b71,2015_H_modelcollapsed_faults.xml,AbrahamsonEtAl2014() GhofraniAtkinson2014Cascadia() BooreEtAl2014() GarciaEtAl2005SSlab() Abrahamson,0.00195312
55,b1~b11_b24_b32_b44_@_b71,2015_H_modelcollapsed_faults.xml,AbrahamsonEtAl2014() GhofraniAtkinson2014Cascadia() BooreEtAl2014() AtkinsonBoore2003SSlabCascadia(),0.00195312
56,b1~b11_b24_b33_b41_@_b71,2015_H_modelcollapsed_faults.xml,AbrahamsonEtAl2014() GhofraniAtkinson2014Cascadia() CampbellBozorgnia2014() AbrahamsonEtAl2015SSlab(,0.00195312
57,b1~b11_b24_b33_b42_@_b71,2015_H_modelcollapsed_faults.xml,AbrahamsonEtAl2014() GhofraniAtkinson2014Cascadia() CampbellBozorgnia2014() ZhaoEtAl2006SSlabCascadi,0.00195312
58,b1~b11_b24_b33_b43_@_b71,2015_H_modelcollapsed_faults.xml,AbrahamsonEtAl2014() GhofraniAtkinson2014Cascadia() CampbellBozorgnia2014() GarciaEtAl2005SSlab() Ab,0.00195312
59,b1~b11_b24_b33_b44_@_b71,2015_H_modelcollapsed_faults.xml,AbrahamsonEtAl2014() GhofraniAtkinson2014Cascadia() CampbellBozorgnia2014() AtkinsonBoore2003SSlabCa,0.00195312
60,b1~b11_b24_b34_b41_@_b71,2015_H_modelcollapsed_faults.xml,AbrahamsonEtAl2014() GhofraniAtkinson2014Cascadia() ChiouYoungs2014() AbrahamsonEtAl2015SSlab() Abra,0.00195312
61,b1~b11_b24_b34_b42_@_b71,2015_H_modelcollapsed_faults.xml,AbrahamsonEtAl2014() GhofraniAtkinson2014Cascadia() ChiouYoungs2014() ZhaoEtAl2006SSlabCascadia() Ab,0.00195312
62,b1~b11_b24_b34_b43_@_b71,2015_H_modelcollapsed_faults.xml,AbrahamsonEtAl2014() GhofraniAtkinson2014Cascadia() ChiouYoungs2014() GarciaEtAl2005SSlab() Abrahams,0.00195312
63,b1~b11_b24_b34_b44_@_b71,2015_H_modelcollapsed_faults.xml,AbrahamsonEtAl2014() GhofraniAtkinson2014Cascadia() ChiouYoungs2014() AtkinsonBoore2003SSlabCascadia,0.00195312
64,b1~b12_b21_b31_b41_@_b71,2015_H_modelcollapsed_faults.xml,BooreEtAl2014() AbrahamsonEtAl2015SInter() AbrahamsonEtAl2014() AbrahamsonEtAl2015SSlab() Abrahamson,0.00195312
65,b1~b12_b21_b31_b42_@_b71,2015_H_modelcollapsed_faults.xml,BooreEtAl2014() AbrahamsonEtAl2015SInter() AbrahamsonEtAl2014() ZhaoEtAl2006SSlabCascadia() Abrahams,0.00195312
66,b1~b12_b21_b31_b43_@_b71,2015_H_modelcollapsed_faults.xml,BooreEtAl2014() AbrahamsonEtAl2015SInter() AbrahamsonEtAl2014() GarciaEtAl2005SSlab() AbrahamsonEtAl,0.00195312
67,b1~b12_b21_b31_b44_@_b71,2015_H_modelcollapsed_faults.xml,BooreEtAl2014() AbrahamsonEtAl2015SInter() AbrahamsonEtAl2014() AtkinsonBoore2003SSlabCascadia() Abr,0.00195312
68,b1~b12_b21_b32_b41_@_b71,2015_H_modelcollapsed_faults.xml,BooreEtAl2014() AbrahamsonEtAl2015SInter() BooreEtAl2014() AbrahamsonEtAl2015SSlab() AbrahamsonEtAl2,0.00195312
69,b1~b12_b21_b32_b42_@_b71,2015_H_modelcollapsed_faults.xml,BooreEtAl2014() AbrahamsonEtAl2015SInter() BooreEtAl2014() ZhaoEtAl2006SSlabCascadia() AbrahamsonEtA,0.00195312
70,b1~b12_b21_b32_b43_@_b71,2015_H_modelcollapsed_faults.xml,BooreEtAl2014() AbrahamsonEtAl2015SInter() BooreEtAl2014() GarciaEtAl2005SSlab() AbrahamsonEtAl2014(,0.00195312
71,b1~b12_b21_b32_b44_@_b71,2015_H_modelcollapsed_faults.xml,BooreEtAl2014() AbrahamsonEtAl2015SInter() BooreEtAl2014() AtkinsonBoore2003SSlabCascadia() Abrahams,0.00195312
72,b1~b12_b21_b33_b41_@_b71,2015_H_modelcollapsed_faults.xml,BooreEtAl2014() AbrahamsonEtAl2015SInter() CampbellBozorgnia2014() AbrahamsonEtAl2015SSlab() Abraham,0.00195312
73,b1~b12_b21_b33_b42_@_b71,2015_H_modelcollapsed_faults.xml,BooreEtAl2014() AbrahamsonEtAl2015SInter() CampbellBozorgnia2014() ZhaoEtAl2006SSlabCascadia() Abrah,0.00195312
74,b1~b12_b21_b33_b43_@_b71,2015_H_modelcollapsed_faults.xml,BooreEtAl2014() AbrahamsonEtAl2015SInter() CampbellBozorgnia2014() GarciaEtAl2005SSlab() AbrahamsonE,0.00195312
75,b1~b12_b21_b33_b44_@_b71,2015_H_modelcollapsed_faults.xml,BooreEtAl2014() AbrahamsonEtAl2015SInter() CampbellBozorgnia2014() AtkinsonBoore2003SSlabCascadia() ,0.00195312
76,b1~b12_b21_b34_b41_@_b71,2015_H_modelcollapsed_faults.xml,BooreEtAl2014() AbrahamsonEtAl2015SInter() ChiouYoungs2014() AbrahamsonEtAl2015SSlab() AbrahamsonEtA,0.00195312
77,b1~b12_b21_b34_b42_@_b71,2015_H_modelcollapsed_faults.xml,BooreEtAl2014() AbrahamsonEtAl2015SInter() ChiouYoungs2014() ZhaoEtAl2006SSlabCascadia() AbrahamsonE,0.00195312
78,b1~b12_b21_b34_b43_@_b71,2015_H_modelcollapsed_faults.xml,BooreEtAl2014() AbrahamsonEtAl2015SInter() ChiouYoungs2014() GarciaEtAl2005SSlab() AbrahamsonEtAl201,0.00195312
79,b1~b12_b21_b34_b44_@_b71,2015_H_modelcollapsed_faults.xml,BooreEtAl2014() AbrahamsonEtAl2015SInter() ChiouYoungs2014() AtkinsonBoore2003SSlabCascadia() Abraha,0.00195312
80,b1~b12_b22_b31_b41_@_b71,2015_H_modelcollapsed_faults.xml,BooreEtAl2014() ZhaoEtAl2006SInterCascadia() AbrahamsonEtAl2014() AbrahamsonEtAl2015SSlab() Abrahams,0.00195312
81,b1~b12_b22_b31_b42_@_b71,2015_H_modelcollapsed_faults.xml,BooreEtAl2014() ZhaoEtAl2006SInterCascadia() AbrahamsonEtAl2014() ZhaoEtAl2006SSlabCascadia() Abraha,0.00195312
82,b1~b12_b22_b31_b43_@_b71,2015_H_modelcollapsed_faults.xml,BooreEtAl2014() ZhaoEtAl2006SInterCascadia() AbrahamsonEtAl2014() GarciaEtAl2005SSlab() AbrahamsonEt,0.00195312
83,b1~b12_b22_b31_b44_@_b71,2015_H_modelcollapsed_faults.xml,BooreEtAl2014() ZhaoEtAl2006SInterCascadia() AbrahamsonEtAl2014() AtkinsonBoore2003SSlabCascadia() A,0.00195312
84,b1~b12_b22_b32_b41_@_b71,2015_H_modelcollapsed_faults.xml,BooreEtAl2014() ZhaoEtAl2006SInterCascadia() BooreEtAl2014() AbrahamsonEtAl2015SSlab() AbrahamsonEtA,0.00195312
85,b1~b12_b22_b32_b42_@_b71,2015_H_modelcollapsed_faults.xml,BooreEtAl2014() ZhaoEtAl2006SInterCascadia() BooreEtAl2014() ZhaoEtAl2006SSlabCascadia() AbrahamsonE,0.00195312
86,b1~b12_b22_b32_b43_@_b71,2015_H_modelcollapsed_faults.xml,BooreEtAl2014() ZhaoEtAl2006SInterCascadia() BooreEtAl2014() GarciaEtAl2005SSlab() AbrahamsonEtAl201,0.00195312
87,b1~b12_b22_b32_b44_@_b71,2015_H_modelcollapsed_faults.xml,BooreEtAl2014() ZhaoEtAl2006SInterCascadia() BooreEtAl2014() AtkinsonBoore2003SSlabCascadia() Abraha,0.00195312
88,b1~b12_b22_b33_b41_@_b71,2015_H_modelcollapsed_faults.xml,BooreEtAl2014() ZhaoEtAl2006SInterCascadia() CampbellBozorgnia2014() AbrahamsonEtAl2015SSlab() Abrah,0.00195312
89,b1~b12_b22_b33_b42_@_b71,2015_H_modelcollapsed_faults.xml,BooreEtAl2014() ZhaoEtAl2006SInterCascadia() CampbellBozorgnia2014() ZhaoEtAl2006SSlabCascadia() Abr,0.00195312
90,b1~b12_b22_b33_b43_@_b71,2015_H_modelcollapsed_faults.xml,BooreEtAl2014() ZhaoEtAl2006SInterCascadia() CampbellBozorgnia2014() GarciaEtAl2005SSlab() Abrahamso,0.00195312
91,b1~b12_b22_b33_b44_@_b71,2015_H_modelcollapsed_faults.xml,BooreEtAl2014() ZhaoEtAl2006SInterCascadia() CampbellBozorgnia2014() AtkinsonBoore2003SSlabCascadia(,0.00195312
92,b1~b12_b22_b34_b41_@_b71,2015_H_modelcollapsed_faults.xml,BooreEtAl2014() ZhaoEtAl2006SInterCascadia() ChiouYoungs2014() AbrahamsonEtAl2015SSlab() AbrahamsonE,0.00195312
93,b1~b12_b22_b34_b42_@_b71,2015_H_modelcollapsed_faults.xml,BooreEtAl2014() ZhaoEtAl2006SInterCascadia() ChiouYoungs2014() ZhaoEtAl2006SSlabCascadia() Abrahamso,0.00195312
94,b1~b12_b22_b34_b43_@_b71,2015_H_modelcollapsed_faults.xml,BooreEtAl2014() ZhaoEtAl2006SInterCascadia() ChiouYoungs2014() GarciaEtAl2005SSlab() AbrahamsonEtAl2,0.00195312
95,b1~b12_b22_b34_b44_@_b71,2015_H_modelcollapsed_faults.xml,BooreEtAl2014() ZhaoEtAl2006SInterCascadia() ChiouYoungs2014() AtkinsonBoore2003SSlabCascadia() Abra,0.00195312
96,b1~b12_b23_b31_b41_@_b71,2015_H_modelcollapsed_faults.xml,BooreEtAl2014() AtkinsonMacias2009() AbrahamsonEtAl2014() AbrahamsonEtAl2015SSlab() AbrahamsonEtAl20,0.00195312
97,b1~b12_b23_b31_b42_@_b71,2015_H_modelcollapsed_faults.xml,BooreEtAl2014() AtkinsonMacias2009() AbrahamsonEtAl2014() ZhaoEtAl2006SSlabCascadia() AbrahamsonEtAl,0.00195312
98,b1~b12_b23_b31_b43_@_b71,2015_H_modelcollapsed_faults.xml,BooreEtAl2014() AtkinsonMacias2009() AbrahamsonEtAl2014() GarciaEtAl2005SSlab() AbrahamsonEtAl2014(),0.00195312
99,b1~b12_b23_b31_b44_@_b71,2015_H_modelcollapsed_faults.xml,BooreEtAl2014() AtkinsonMacias2009() AbrahamsonEtAl2014() AtkinsonBoore2003SSlabCascadia() Abrahamso,0.00195312
100,b1~b12_b23_b32_b41_@_b71,2015_H_modelcollapsed_faults.xml,BooreEtAl2014() AtkinsonMacias2009() BooreEtAl2014() AbrahamsonEtAl2015SSlab() AbrahamsonEtAl2014() ,0.00195312
101,b1~b12_b23_b32_b42_@_b71,2015_H_modelcollapsed_faults.xml,BooreEtAl2014() AtkinsonMacias2009() BooreEtAl2014() ZhaoEtAl2006SSlabCascadia() AbrahamsonEtAl2014(,0.00195312
102,b1~b12_b23_b32_b43_@_b71,2015_H_modelcollapsed_faults.xml,BooreEtAl2014() AtkinsonMacias2009() BooreEtAl2014() GarciaEtAl2005SSlab() AbrahamsonEtAl2014() Atki,0.00195312
103,b1~b12_b23_b32_b44_@_b71,2015_H_modelcollapsed_faults.xml,BooreEtAl2014() AtkinsonMacias2009() BooreEtAl2014() AtkinsonBoore2003SSlabCascadia() AbrahamsonEtAl,0.00195312
104,b1~b12_b23_b33_b41_@_b71,2015_H_modelcollapsed_faults.xml,BooreEtAl2014() AtkinsonMacias2009() CampbellBozorgnia2014() AbrahamsonEtAl2015SSlab() AbrahamsonEtA,0.00195312
105,b1~b12_b23_b33_b42_@_b71,2015_H_modelcollapsed_faults.xml,BooreEtAl2014() AtkinsonMacias2009() CampbellBozorgnia2014() ZhaoEtAl2006SSlabCascadia() AbrahamsonE,0.00195312
106,b1~b12_b23_b33_b43_@_b71,2015_H_modelcollapsed_faults.xml,BooreEtAl2014() AtkinsonMacias2009() CampbellBozorgnia2014() GarciaEtAl2005SSlab() AbrahamsonEtAl201,0.00195312
107,b1~b12_b23_b33_b44_@_b71,2015_H_modelcollapsed_faults.xml,BooreEtAl2014() AtkinsonMacias2009() CampbellBozorgnia2014() AtkinsonBoore2003SSlabCascadia() Abraha,0.00195312
108,b1~b12_b23_b34_b41_@_b71,2015_H_modelcollapsed_faults.xml,BooreEtAl2014() AtkinsonMacias2009() ChiouYoungs2014() AbrahamsonEtAl2015SSlab() AbrahamsonEtAl2014(,0.00195312
109,b1~b12_b23_b34_b42_@_b71,2015_H_modelcollapsed_faults.xml,BooreEtAl2014() AtkinsonMacias2009() ChiouYoungs2014() ZhaoEtAl2006SSlabCascadia() AbrahamsonEtAl201,0.00195312
110,b1~b12_b23_b34_b43_@_b71,2015_H_modelcollapsed_faults.xml,BooreEtAl2014() AtkinsonMacias2009() ChiouYoungs2014() GarciaEtAl2005SSlab() AbrahamsonEtAl2014() At,0.00195312
111,b1~b12_b23_b34_b44_@_b71,2015_H_modelcollapsed_faults.xml,BooreEtAl2014() AtkinsonMacias2009() ChiouYoungs2014() AtkinsonBoore2003SSlabCascadia() AbrahamsonEt,0.00195312
112,b1~b12_b24_b31_b41_@_b71,2015_H_modelcollapsed_faults.xml,BooreEtAl2014() GhofraniAtkinson2014Cascadia() AbrahamsonEtAl2014() AbrahamsonEtAl2015SSlab() Abraha,0.00195312
113,b1~b12_b24_b31_b42_@_b71,2015_H_modelcollapsed_faults.xml,BooreEtAl2014() GhofraniAtkinson2014Cascadia() AbrahamsonEtAl2014() ZhaoEtAl2006SSlabCascadia() Abra,0.00195312
114,b1~b12_b24_b31_b43_@_b71,2015_H_modelcollapsed_faults.xml,BooreEtAl2014() GhofraniAtkinson2014Cascadia() AbrahamsonEtAl2014() GarciaEtAl2005SSlab() Abrahamson,0.00195312
115,b1~b12_b24_b31_b44_@_b71,2015_H_modelcollapsed_faults.xml,BooreEtAl2014() GhofraniAtkinson2014Cascadia() AbrahamsonEtAl2014() AtkinsonBoore2003SSlabCascadia(),0.00195312
116,b1~b12_b24_b32_b41_@_b71,2015_H_modelcollapsed_faults.xml,BooreEtAl2014() GhofraniAtkinson2014Cascadia() BooreEtAl2014() AbrahamsonEtAl2015SSlab() AbrahamsonE,0.00195312
117,b1~b12_b24_b32_b42_@_b71,2015_H_modelcollapsed_faults.xml,BooreEtAl2014() GhofraniAtkinson2014Cascadia() BooreEtAl2014() ZhaoEtAl2006SSlabCascadia() Abrahamso,0.00195312
118,b1~b12_b24_b32_b43_@_b71,2015_H_modelcollapsed_faults.xml,BooreEtAl2014() GhofraniAtkinson2014Cascadia() BooreEtAl2014() GarciaEtAl2005SSlab() AbrahamsonEtAl2,0.00195312
119,b1~b12_b24_b32_b44_@_b71,2015_H_modelcollapsed_faults.xml,BooreEtAl2014() GhofraniAtkinson2014Cascadia() BooreEtAl2014() AtkinsonBoore2003SSlabCascadia() Abra,0.00195312
120,b1~b12_b24_b33_b41_@_b71,2015_H_modelcollapsed_faults.xml,BooreEtAl2014() GhofraniAtkinson2014Cascadia() CampbellBozorgnia2014() AbrahamsonEtAl2015SSlab() Abr,0.00195312
121,b1~b12_b24_b33_b42_@_b71,2015_H_modelcollapsed_faults.xml,BooreEtAl2014() GhofraniAtkinson2014Cascadia() CampbellBozorgnia2014() ZhaoEtAl2006SSlabCascadia() A,0.00195312
122,b1~b12_b24_b33_b43_@_b71,2015_H_modelcollapsed_faults.xml,BooreEtAl2014() GhofraniAtkinson2014Cascadia() CampbellBozorgnia2014() GarciaEtAl2005SSlab() Abraham,0.00195312
123,b1~b12_b24_b33_b44_@_b71,2015_H_modelcollapsed_faults.xml,BooreEtAl2014() GhofraniAtkinson2014Cascadia() CampbellBozorgnia2014() AtkinsonBoore2003SSlabCascadi,0.00195312
124,b1~b12_b24_b34_b41_@_b71,2015_H_modelcollapsed_faults.xml,BooreEtAl2014() GhofraniAtkinson2014Cascadia() ChiouYoungs2014() AbrahamsonEtAl2015SSlab() Abrahamso,0.00195312
125,b1~b12_b24_b34_b42_@_b71,2015_H_modelcollapsed_faults.xml,BooreEtAl2014() GhofraniAtkinson2014Cascadia() ChiouYoungs2014() ZhaoEtAl2006SSlabCascadia() Abraham,0.00195312
126,b1~b12_b24_b34_b43_@_b71,2015_H_modelcollapsed_faults.xml,BooreEtAl2014() GhofraniAtkinson2014Cascadia() ChiouYoungs2014() GarciaEtAl2005SSlab() AbrahamsonEtA,0.00195312
127,b1~b12_b24_b34_b44_@_b71,2015_H_modelcollapsed_faults.xml,BooreEtAl2014() GhofraniAtkinson2014Cascadia() ChiouYoungs2014() AtkinsonBoore2003SSlabCascadia() Ab,0.00195312
128,b1~b13_b21_b31_b41_@_b71,2015_H_modelcollapsed_faults.xml,CampbellBozorgnia2014() AbrahamsonEtAl2015SInter() AbrahamsonEtAl2014() AbrahamsonEtAl2015SSlab() Ab,0.00195312
129,b1~b13_b21_b31_b42_@_b71,2015_H_modelcollapsed_faults.xml,CampbellBozorgnia2014() AbrahamsonEtAl2015SInter() AbrahamsonEtAl2014() ZhaoEtAl2006SSlabCascadia() ,0.00195312
130,b1~b13_b21_b31_b43_@_b71,2015_H_modelcollapsed_faults.xml,CampbellBozorgnia2014() AbrahamsonEtAl2015SInter() AbrahamsonEtAl2014() GarciaEtAl2005SSlab() Abraha,0.00195312
131,b1~b13_b21_b31_b44_@_b71,2015_H_modelcollapsed_faults.xml,CampbellBozorgnia2014() AbrahamsonEtAl2015SInter() AbrahamsonEtAl2014() AtkinsonBoore2003SSlabCascad,0.00195312
132,b1~b13_b21_b32_b41_@_b71,2015_H_modelcollapsed_faults.xml,CampbellBozorgnia2014() AbrahamsonEtAl2015SInter() BooreEtAl2014() AbrahamsonEtAl2015SSlab() Abraham,0.00195312
133,b1~b13_b21_b32_b42_@_b71,2015_H_modelcollapsed_faults.xml,CampbellBozorgnia2014() AbrahamsonEtAl2015SInter() BooreEtAl2014() ZhaoEtAl2006SSlabCascadia() Abrah,0.00195312
134,b1~b13_b21_b32_b43_@_b71,2015_H_modelcollapsed_faults.xml,CampbellBozorgnia2014() AbrahamsonEtAl2015SInter() BooreEtAl2014() GarciaEtAl2005SSlab() AbrahamsonE,0.00195312
135,b1~b13_b21_b32_b44_@_b71,2015_H_modelcollapsed_faults.xml,CampbellBozorgnia2014() AbrahamsonEtAl2015SInter() BooreEtAl2014() AtkinsonBoore2003SSlabCascadia() ,0.00195312
136,b1~b13_b21_b33_b41_@_b71,2015_H_modelcollapsed_faults.xml,CampbellBozorgnia2014() AbrahamsonEtAl2015SInter() CampbellBozorgnia2014() AbrahamsonEtAl2015SSlab(),0.00195312
137,b1~b13_b21_b33_b42_@_b71,2015_H_modelcollapsed_faults.xml,CampbellBozorgnia2014() AbrahamsonEtAl2015SInter() CampbellBozorgnia2014() ZhaoEtAl2006SSlabCascadia,0.00195312
138,b1~b13_b21_b33_b43_@_b71,2015_H_modelcollapsed_faults.xml,CampbellBozorgnia2014() AbrahamsonEtAl2015SInter() CampbellBozorgnia2014() GarciaEtAl2005SSlab() Abr,0.00195312
139,b1~b13_b21_b33_b44_@_b71,2015_H_modelcollapsed_faults.xml,CampbellBozorgnia2014() AbrahamsonEtAl2015SInter() CampbellBozorgnia2014() AtkinsonBoore2003SSlabCas,0.00195312
140,b1~b13_b21_b34_b41_@_b71,2015_H_modelcollapsed_faults.xml,CampbellBozorgnia2014() AbrahamsonEtAl2015SInter() ChiouYoungs2014() AbrahamsonEtAl2015SSlab() Abrah,0.00195312
141,b1~b13_b21_b34_b42_@_b71,2015_H_modelcollapsed_faults.xml,CampbellBozorgnia2014() AbrahamsonEtAl2015SInter() ChiouYoungs2014() ZhaoEtAl2006SSlabCascadia() Abr,0.00195312
142,b1~b13_b21_b34_b43_@_b71,2015_H_modelcollapsed_faults.xml,CampbellBozorgnia2014() AbrahamsonEtAl2015SInter() ChiouYoungs2014() GarciaEtAl2005SSlab() Abrahamso,0.00195312
143,b1~b13_b21_b34_b44_@_b71,2015_H_modelcollapsed_faults.xml,CampbellBozorgnia2014() AbrahamsonEtAl2015SInter() ChiouYoungs2014() AtkinsonBoore2003SSlabCascadia(,0.00195312
144,b1~b13_b22_b31_b41_@_b71,2015_H_modelcollapsed_faults.xml,CampbellBozorgnia2014() ZhaoEtAl2006SInterCascadia() AbrahamsonEtAl2014() AbrahamsonEtAl2015SSlab() ,0.00195312
145,b1~b13_b22_b31_b42_@_b71,2015_H_modelcollapsed_faults.xml,CampbellBozorgnia2014() ZhaoEtAl2006SInterCascadia() AbrahamsonEtAl2014() ZhaoEtAl2006SSlabCascadia(,0.00195312
146,b1~b13_b22_b31_b43_@_b71,2015_H_modelcollapsed_faults.xml,CampbellBozorgnia2014() ZhaoEtAl2006SInterCascadia() AbrahamsonEtAl2014() GarciaEtAl2005SSlab() Abra,0.00195312
147,b1~b13_b22_b31_b44_@_b71,2015_H_modelcollapsed_faults.xml,CampbellBozorgnia2014() ZhaoEtAl2006SInterCascadia() AbrahamsonEtAl2014() AtkinsonBoore2003SSlabCasc,0.00195312
148,b1~b13_b22_b32_b41_@_b71,2015_H_modelcollapsed_faults.xml,CampbellBozorgnia2014() ZhaoEtAl2006SInterCascadia() BooreEtAl2014() AbrahamsonEtAl2015SSlab() Abrah,0.00195312
149,b1~b13_b22_b32_b42_@_b71,2015_H_modelcollapsed_faults.xml,CampbellBozorgnia2014() ZhaoEtAl2006SInterCascadia() BooreEtAl2014() ZhaoEtAl2006SSlabCascadia() Abr,0.00195312
150,b1~b13_b22_b32_b43_@_b71,2015_H_modelcollapsed_faults.xml,CampbellBozorgnia2014() ZhaoEtAl2006SInterCascadia() BooreEtAl2014() GarciaEtAl2005SSlab() Abrahamso,0.00195312
151,b1~b13_b22_b32_b44_@_b71,2015_H_modelcollapsed_faults.xml,CampbellBozorgnia2014() ZhaoEtAl2006SInterCascadia() BooreEtAl2014() AtkinsonBoore2003SSlabCascadia(,0.00195312
152,b1~b13_b22_b33_b41_@_b71,2015_H_modelcollapsed_faults.xml,CampbellBozorgnia2014() ZhaoEtAl2006SInterCascadia() CampbellBozorgnia2014() AbrahamsonEtAl2015SSlab,0.00195312
153,b1~b13_b22_b33_b42_@_b71,2015_H_modelcollapsed_faults.xml,CampbellBozorgnia2014() ZhaoEtAl2006SInterCascadia() CampbellBozorgnia2014() ZhaoEtAl2006SSlabCascad,0.00195312
154,b1~b13_b22_b33_b43_@_b71,2015_H_modelcollapsed_faults.xml,CampbellBozorgnia2014() ZhaoEtAl2006SInterCascadia() CampbellBozorgnia2014() GarciaEtAl2005SSlab() A,0.00195312
155,b1~b13_b22_b33_b44_@_b71,2015_H_modelcollapsed_faults.xml,CampbellBozorgnia2014() ZhaoEtAl2006SInterCascadia() CampbellBozorgnia2014() AtkinsonBoore2003SSlabC,0.00195312
156,b1~b13_b22_b34_b41_@_b71,2015_H_modelcollapsed_faults.xml,CampbellBozorgnia2014() ZhaoEtAl2006SInterCascadia() ChiouYoungs2014() AbrahamsonEtAl2015SSlab() Abr,0.00195312
157,b1~b13_b22_b34_b42_@_b71,2015_H_modelcollapsed_faults.xml,CampbellBozorgnia2014() ZhaoEtAl2006SInterCascadia() ChiouYoungs2014() ZhaoEtAl2006SSlabCascadia() A,0.00195312
158,b1~b13_b22_b34_b43_@_b71,2015_H_modelcollapsed_faults.xml,CampbellBozorgnia2014() ZhaoEtAl2006SInterCascadia() ChiouYoungs2014() GarciaEtAl2005SSlab() Abraham,0.00195312
159,b1~b13_b22_b34_b44_@_b71,2015_H_modelcollapsed_faults.xml,CampbellBozorgnia2014() ZhaoEtAl2006SInterCascadia() ChiouYoungs2014() AtkinsonBoore2003SSlabCascadi,0.00195312
160,b1~b13_b23_b31_b41_@_b71,2015_H_modelcollapsed_faults.xml,CampbellBozorgnia2014() AtkinsonMacias2009() AbrahamsonEtAl2014() AbrahamsonEtAl2015SSlab() Abrahams,0.00195312
161,b1~b13_b23_b31_b42_@_b71,2015_H_modelcollapsed_faults.xml,CampbellBozorgnia2014() AtkinsonMacias2009() AbrahamsonEtAl2014() ZhaoEtAl2006SSlabCascadia() Abraha,0.00195312
162,b1~b13_b23_b31_b43_@_b71,2015_H_modelcollapsed_faults.xml,CampbellBozorgnia2014() AtkinsonMacias2009() AbrahamsonEtAl2014() GarciaEtAl2005SSlab() AbrahamsonEt,0.00195312
163,b1~b13_b23_b31_b44_@_b71,2015_H_modelcollapsed_faults.xml,CampbellBozorgnia2014() AtkinsonMacias2009() AbrahamsonEtAl2014() AtkinsonBoore2003SSlabCascadia() A,0.00195312
164,b1~b13_b23_b32_b41_@_b71,2015_H_modelcollapsed_faults.xml,CampbellBozorgnia2014() AtkinsonMacias2009() BooreEtAl2014() AbrahamsonEtAl2015SSlab() AbrahamsonEtA,0.00195312
165,b1~b13_b23_b32_b42_@_b71,2015_H_modelcollapsed_faults.xml,CampbellBozorgnia2014() AtkinsonMacias2009() BooreEtAl2014() ZhaoEtAl2006SSlabCascadia() AbrahamsonE,0.00195312
166,b1~b13_b23_b32_b43_@_b71,2015_H_modelcollapsed_faults.xml,CampbellBozorgnia2014() AtkinsonMacias2009() BooreEtAl2014() GarciaEtAl2005SSlab() AbrahamsonEtAl201,0.00195312
167,b1~b13_b23_b32_b44_@_b71,2015_H_modelcollapsed_faults.xml,CampbellBozorgnia2014() AtkinsonMacias2009() BooreEtAl2014() AtkinsonBoore2003SSlabCascadia() Abraha,0.00195312
168,b1~b13_b23_b33_b41_@_b71,2015_H_modelcollapsed_faults.xml,CampbellBozorgnia2014() AtkinsonMacias2009() CampbellBozorgnia2014() AbrahamsonEtAl2015SSlab() Abrah,0.00195312
169,b1~b13_b23_b33_b42_@_b71,2015_H_modelcollapsed_faults.xml,CampbellBozorgnia2014() AtkinsonMacias2009() CampbellBozorgnia2014() ZhaoEtAl2006SSlabCascadia() Abr,0.00195312
170,b1~b13_b23_b33_b43_@_b71,2015_H_modelcollapsed_faults.xml,CampbellBozorgnia2014() AtkinsonMacias2009() CampbellBozorgnia2014() GarciaEtAl2005SSlab() Abrahamso,0.00195312
171,b1~b13_b23_b33_b44_@_b71,2015_H_modelcollapsed_faults.xml,CampbellBozorgnia2014() AtkinsonMacias2009() CampbellBozorgnia2014() AtkinsonBoore2003SSlabCascadia(,0.00195312
172,b1~b13_b23_b34_b41_@_b71,2015_H_modelcollapsed_faults.xml,CampbellBozorgnia2014() AtkinsonMacias2009() ChiouYoungs2014() AbrahamsonEtAl2015SSlab() AbrahamsonE,0.00195312
173,b1~b13_b23_b34_b42_@_b71,2015_H_modelcollapsed_faults.xml,CampbellBozorgnia2014() AtkinsonMacias2009() ChiouYoungs2014() ZhaoEtAl2006SSlabCascadia() Abrahamso,0.00195312
174,b1~b13_b23_b34_b43_@_b71,2015_H_modelcollapsed_faults.xml,CampbellBozorgnia2014() AtkinsonMacias2009() ChiouYoungs2014() GarciaEtAl2005SSlab() AbrahamsonEtAl2,0.00195312
175,b1~b13_b23_b34_b44_@_b71,2015_H_modelcollapsed_faults.xml,CampbellBozorgnia2014() AtkinsonMacias2009() ChiouYoungs2014() AtkinsonBoore2003SSlabCascadia() Abra,0.00195312
176,b1~b13_b24_b31_b41_@_b71,2015_H_modelcollapsed_faults.xml,CampbellBozorgnia2014() GhofraniAtkinson2014Cascadia() AbrahamsonEtAl2014() AbrahamsonEtAl2015SSlab(,0.00195312
177,b1~b13_b24_b31_b42_@_b71,2015_H_modelcollapsed_faults.xml,CampbellBozorgnia2014() GhofraniAtkinson2014Cascadia() AbrahamsonEtAl2014() ZhaoEtAl2006SSlabCascadi,0.00195312
178,b1~b13_b24_b31_b43_@_b71,2015_H_modelcollapsed_faults.xml,CampbellBozorgnia2014() GhofraniAtkinson2014Cascadia() AbrahamsonEtAl2014() GarciaEtAl2005SSlab() Ab,0.00195312
179,b1~b13_b24_b31_b44_@_b71,2015_H_modelcollapsed_faults.xml,CampbellBozorgnia2014() GhofraniAtkinson2014Cascadia() AbrahamsonEtAl2014() AtkinsonBoore2003SSlabCa,0.00195312
180,b1~b13_b24_b32_b41_@_b71,2015_H_modelcollapsed_faults.xml,CampbellBozorgnia2014() GhofraniAtkinson2014Cascadia() BooreEtAl2014() AbrahamsonEtAl2015SSlab() Abr,0.00195312
181,b1~b13_b24_b32_b42_@_b71,2015_H_modelcollapsed_faults.xml,CampbellBozorgnia2014() GhofraniAtkinson2014Cascadia() BooreEtAl2014() ZhaoEtAl2006SSlabCascadia() A,0.00195312
182,b1~b13_b24_b32_b43_@_b71,2015_H_modelcollapsed_faults.xml,CampbellBozorgnia2014() GhofraniAtkinson2014Cascadia() BooreEtAl2014() GarciaEtAl2005SSlab() Abraham,0.00195312
183,b1~b13_b24_b32_b44_@_b71,2015_H_modelcollapsed_faults.xml,CampbellBozorgnia2014() GhofraniAtkinson2014Cascadia() BooreEtAl2014() AtkinsonBoore2003SSlabCascadi,0.00195312
184,b1~b13_b24_b33_b41_@_b71,2015_H_modelcollapsed_faults.xml,CampbellBozorgnia2014() GhofraniAtkinson2014Cascadia() CampbellBozorgnia2014() AbrahamsonEtAl2015SSl,0.00195312
185,b1~b13_b24_b33_b42_@_b71,2015_H_modelcollapsed_faults.xml,CampbellBozorgnia2014() GhofraniAtkinson2014Cascadia() CampbellBozorgnia2014() ZhaoEtAl2006SSlabCasc,0.00195312
186,b1~b13_b24_b33_b43_@_b71,2015_H_modelcollapsed_faults.xml,CampbellBozorgnia2014() GhofraniAtkinson2014Cascadia() CampbellBozorgnia2014() GarciaEtAl2005SSlab(),0.00195312
187,b1~b13_b24_b33_b44_@_b71,2015_H_modelcollapsed_faults.xml,CampbellBozorgnia2014() GhofraniAtkinson2014Cascadia() CampbellBozorgnia2014() AtkinsonBoore2003SSla,0.00195312
188,b1~b13_b24_b34_b41_@_b71,2015_H_modelcollapsed_faults.xml,CampbellBozorgnia2014() GhofraniAtkinson2014Cascadia() ChiouYoungs2014() AbrahamsonEtAl2015SSlab() A,0.00195312
189,b1~b13_b24_b34_b42_@_b71,2015_H_modelcollapsed_faults.xml,CampbellBozorgnia2014() GhofraniAtkinson2014Cascadia() ChiouYoungs2014() ZhaoEtAl2006SSlabCascadia(),0.00195312
190,b1~b13_b24_b34_b43_@_b71,2015_H_modelcollapsed_faults.xml,CampbellBozorgnia2014() GhofraniAtkinson2014Cascadia() ChiouYoungs2014() GarciaEtAl2005SSlab() Abrah,0.00195312
191,b1~b13_b24_b34_b44_@_b71,2015_H_modelcollapsed_faults.xml,CampbellBozorgnia2014() GhofraniAtkinson2014Cascadia() ChiouYoungs2014() AtkinsonBoore2003SSlabCasca,0.00195312
192,b1~b14_b21_b31_b41_@_b71,2015_H_modelcollapsed_faults.xml,ChiouYoungs2014() AbrahamsonEtAl2015SInter() AbrahamsonEtAl2014() AbrahamsonEtAl2015SSlab() Abrahams,0.00195312
193,b1~b14_b21_b31_b42_@_b71,2015_H_modelcollapsed_faults.xml,ChiouYoungs2014() AbrahamsonEtAl2015SInter() AbrahamsonEtAl2014() ZhaoEtAl2006SSlabCascadia() Abraha,0.00195312
194,b1~b14_b21_b31_b43_@_b71,2015_H_modelcollapsed_faults.xml,ChiouYoungs2014() AbrahamsonEtAl2015SInter() AbrahamsonEtAl2014() GarciaEtAl2005SSlab() AbrahamsonEt,0.00195312
195,b1~b14_b21_b31_b44_@_b71,2015_H_modelcollapsed_faults.xml,ChiouYoungs2014() AbrahamsonEtAl2015SInter() AbrahamsonEtAl2014() AtkinsonBoore2003SSlabCascadia() A,0.00195312
196,b1~b14_b21_b32_b41_@_b71,2015_H_modelcollapsed_faults.xml,ChiouYoungs2014() AbrahamsonEtAl2015SInter() BooreEtAl2014() AbrahamsonEtAl2015SSlab() AbrahamsonEtA,0.00195312
197,b1~b14_b21_b32_b42_@_b71,2015_H_modelcollapsed_faults.xml,ChiouYoungs2014() AbrahamsonEtAl2015SInter() BooreEtAl2014() ZhaoEtAl2006SSlabCascadia() AbrahamsonE,0.00195312
198,b1~b14_b21_b32_b43_@_b71,2015_H_modelcollapsed_faults.xml,ChiouYoungs2014() AbrahamsonEtAl2015SInter() BooreEtAl2014() GarciaEtAl2005SSlab() AbrahamsonEtAl201,0.00195312
199,b1~b14_b21_b32_b44_@_b71,2015_H_modelcollapsed_faults.xml,ChiouYoungs2014() AbrahamsonEtAl2015SInter() BooreEtAl2014() AtkinsonBoore2003SSlabCascadia() Abraha,0.00195312
200,b1~b14_b21_b33_b41_@_b71,2015_H_modelcollapsed_faults.xml,ChiouYoungs2014() AbrahamsonEtAl2015SInter() CampbellBozorgnia2014() AbrahamsonEtAl2015SSlab() Abrah,0.00195312
201,b1~b14_b21_b33_b42_@_b71,2015_H_modelcollapsed_faults.xml,ChiouYoungs2014() AbrahamsonEtAl2015SInter() CampbellBozorgnia2014() ZhaoEtAl2006SSlabCascadia() Abr,0.00195312
202,b1~b14_b21_b33_b43_@_b71,2015_H_modelcollapsed_faults.xml,ChiouYoungs2014() AbrahamsonEtAl2015SInter() CampbellBozorgnia2014() GarciaEtAl2005SSlab() Abrahamso,0.00195312
203,b1~b14_b21_b33_b44_@_b71,2015_H_modelcollapsed_faults.xml,ChiouYoungs2014() AbrahamsonEtAl2015SInter() CampbellBozorgnia2014() AtkinsonBoore2003SSlabCascadia(,0.00195312
204,b1~b14_b21_b34_b41_@_b71,2015_H_modelcollapsed_faults.xml,ChiouYoungs2014() AbrahamsonEtAl2015SInter() ChiouYoungs2014() AbrahamsonEtAl2015SSlab() AbrahamsonE,0.00195312
205,b1~b14_b21_b34_b42_@_b71,2015_H_modelcollapsed_faults.xml,ChiouYoungs2014() AbrahamsonEtAl2015SInter() ChiouYoungs2014() ZhaoEtAl2006SSlabCascadia() Abrahamso,0.00195312
206,b1~b14_b21_b34_b43_@_b71,2015_H_modelcollapsed_faults.xml,ChiouYoungs2014() AbrahamsonEtAl2015SInter() ChiouYoungs2014() GarciaEtAl2005SSlab() AbrahamsonEtAl2,0.00195312
207,b1~b14_b21_b34_b44_@_b71,2015_H_modelcollapsed_faults.xml,ChiouYoungs2014() AbrahamsonEtAl2015SInter() ChiouYoungs2014() AtkinsonBoore2003SSlabCascadia() Abra,0.00195312
208,b1~b14_b22_b31_b41_@_b71,2015_H_modelcollapsed_faults.xml,ChiouYoungs2014() ZhaoEtAl2006SInterCascadia() AbrahamsonEtAl2014() AbrahamsonEtAl2015SSlab() Abraha,0.00195312
209,b1~b14_b22_b31_b42_@_b71,2015_H_modelcollapsed_faults.xml,ChiouYoungs2014() ZhaoEtAl2006SInterCascadia() AbrahamsonEtAl2014() ZhaoEtAl2006SSlabCascadia() Abra,0.00195312
210,b1~b14_b22_b31_b43_@_b71,2015_H_modelcollapsed_faults.xml,ChiouYoungs2014() ZhaoEtAl2006SInterCascadia() AbrahamsonEtAl2014() GarciaEtAl2005SSlab() Abrahamson,0.00195312
211,b1~b14_b22_b31_b44_@_b71,2015_H_modelcollapsed_faults.xml,ChiouYoungs2014() ZhaoEtAl2006SInterCascadia() AbrahamsonEtAl2014() AtkinsonBoore2003SSlabCascadia(),0.00195312
212,b1~b14_b22_b32_b41_@_b71,2015_H_modelcollapsed_faults.xml,ChiouYoungs2014() ZhaoEtAl2006SInterCascadia() BooreEtAl2014() AbrahamsonEtAl2015SSlab() AbrahamsonE,0.00195312
213,b1~b14_b22_b32_b42_@_b71,2015_H_modelcollapsed_faults.xml,ChiouYoungs2014() ZhaoEtAl2006SInterCascadia() BooreEtAl2014() ZhaoEtAl2006SSlabCascadia() Abrahamso,0.00195312
214,b1~b14_b22_b32_b43_@_b71,2015_H_modelcollapsed_faults.xml,ChiouYoungs2014() ZhaoEtAl2006SInterCascadia() BooreEtAl2014() GarciaEtAl2005SSlab() AbrahamsonEtAl2,0.00195312
215,b1~b14_b22_b32_b44_@_b71,2015_H_modelcollapsed_faults.xml,ChiouYoungs2014() ZhaoEtAl2006SInterCascadia() BooreEtAl2014() AtkinsonBoore2003SSlabCascadia() Abra,0.00195312
216,b1~b14_b22_b33_b41_@_b71,2015_H_modelcollapsed_faults.xml,ChiouYoungs2014() ZhaoEtAl2006SInterCascadia() CampbellBozorgnia2014() AbrahamsonEtAl2015SSlab() Abr,0.00195312
217,b1~b14_b22_b33_b42_@_b71,2015_H_modelcollapsed_faults.xml,ChiouYoungs2014() ZhaoEtAl2006SInterCascadia() CampbellBozorgnia2014() ZhaoEtAl2006SSlabCascadia() A,0.00195312
218,b1~b14_b22_b33_b43_@_b71,2015_H_modelcollapsed_faults.xml,ChiouYoungs2014() ZhaoEtAl2006SInterCascadia() CampbellBozorgnia2014() GarciaEtAl2005SSlab() Abraham,0.00195312
219,b1~b14_b22_b33_b44_@_b71,2015_H_modelcollapsed_faults.xml,ChiouYoungs2014() ZhaoEtAl2006SInterCascadia() CampbellBozorgnia2014() AtkinsonBoore2003SSlabCascadi,0.00195312
220,b1~b14_b22_b34_b41_@_b71,2015_H_modelcollapsed_faults.xml,ChiouYoungs2014() ZhaoEtAl2006SInterCascadia() ChiouYoungs2014() AbrahamsonEtAl2015SSlab() Abrahamso,0.00195312
221,b1~b14_b22_b34_b42_@_b71,2015_H_modelcollapsed_faults.xml,ChiouYoungs2014() ZhaoEtAl2006SInterCascadia() ChiouYoungs2014() ZhaoEtAl2006SSlabCascadia() Abraham,0.00195312
222,b1~b14_b22_b34_b43_@_b71,2015_H_modelcollapsed_faults.xml,ChiouYoungs2014() ZhaoEtAl2006SInterCascadia() ChiouYoungs2014() GarciaEtAl2005SSlab() AbrahamsonEtA,0.00195312
223,b1~b14_b22_b34_b44_@_b71,2015_H_modelcollapsed_faults.xml,ChiouYoungs2014() ZhaoEtAl2006SInterCascadia() ChiouYoungs2014() AtkinsonBoore2003SSlabCascadia() Ab,0.00195312
224,b1~b14_b23_b31_b41_@_b71,2015_H_modelcollapsed_faults.xml,ChiouYoungs2014() AtkinsonMacias2009() AbrahamsonEtAl2014() AbrahamsonEtAl2015SSlab() AbrahamsonEtAl,0.00195312
225,b1~b14_b23_b31_b42_@_b71,2015_H_modelcollapsed_faults.xml,ChiouYoungs2014() AtkinsonMacias2009() AbrahamsonEtAl2014() ZhaoEtAl2006SSlabCascadia() AbrahamsonEt,0.00195312
226,b1~b14_b23_b31_b43_@_b71,2015_H_modelcollapsed_faults.xml,ChiouYoungs2014() AtkinsonMacias2009() AbrahamsonEtAl2014() GarciaEtAl2005SSlab() AbrahamsonEtAl2014,0.00195312
227,b1~b14_b23_b31_b44_@_b71,2015_H_modelcollapsed_faults.xml,ChiouYoungs2014() AtkinsonMacias2009() AbrahamsonEtAl2014() AtkinsonBoore2003SSlabCascadia() Abraham,0.00195312
228,b1~b14_b23_b32_b41_@_b71,2015_H_modelcollapsed_faults.xml,ChiouYoungs2014() AtkinsonMacias2009() BooreEtAl2014() AbrahamsonEtAl2015SSlab() AbrahamsonEtAl2014(,0.00195312
229,b1~b14_b23_b32_b42_@_b71,2015_H_modelcollapsed_faults.xml,ChiouYoungs2014() AtkinsonMacias2009() BooreEtAl2014() ZhaoEtAl2006SSlabCascadia() AbrahamsonEtAl201,0.00195312
230,b1~b14_b23_b32_b43_@_b71,2015_H_modelcollapsed_faults.xml,ChiouYoungs2014() AtkinsonMacias2009() BooreEtAl2014() GarciaEtAl2005SSlab() AbrahamsonEtAl2014() At,0.00195312
231,b1~b14_b23_b32_b44_@_b71,2015_H_modelcollapsed_faults.xml,ChiouYoungs2014() AtkinsonMacias2009() BooreEtAl2014() AtkinsonBoore2003SSlabCascadia() AbrahamsonEt,0.00195312
232,b1~b14_b23_b33_b41_@_b71,2015_H_modelcollapsed_faults.xml,ChiouYoungs2014() AtkinsonMacias2009() CampbellBozorgnia2014() AbrahamsonEtAl2015SSlab() AbrahamsonE,0.00195312
233,b1~b14_b23_b33_b42_@_b71,2015_H_modelcollapsed_faults.xml,ChiouYoungs2014() AtkinsonMacias2009() CampbellBozorgnia2014() ZhaoEtAl2006SSlabCascadia() Abrahamso,0.00195312
234,b1~b14_b23_b33_b43_@_b71,2015_H_modelcollapsed_faults.xml,ChiouYoungs2014() AtkinsonMacias2009() CampbellBozorgnia2014() GarciaEtAl2005SSlab() AbrahamsonEtAl2,0.00195312
235,b1~b14_b23_b33_b44_@_b71,2015_H_modelcollapsed_faults.xml,ChiouYoungs2014() AtkinsonMacias2009() CampbellBozorgnia2014() AtkinsonBoore2003SSlabCascadia() Abra,0.00195312
236,b1~b14_b23_b34_b41_@_b71,2015_H_modelcollapsed_faults.xml,ChiouYoungs2014() AtkinsonMacias2009() ChiouYoungs2014() AbrahamsonEtAl2015SSlab() AbrahamsonEtAl201,0.00195312
237,b1~b14_b23_b34_b42_@_b71,2015_H_modelcollapsed_faults.xml,ChiouYoungs2014() AtkinsonMacias2009() ChiouYoungs2014() ZhaoEtAl2006SSlabCascadia() AbrahamsonEtAl2,0.00195312
238,b1~b14_b23_b34_b43_@_b71,2015_H_modelcollapsed_faults.xml,ChiouYoungs2014() AtkinsonMacias2009() ChiouYoungs2014() GarciaEtAl2005SSlab() AbrahamsonEtAl2014() ,0.00195312
239,b1~b14_b23_b34_b44_@_b71,2015_H_modelcollapsed_faults.xml,ChiouYoungs2014() AtkinsonMacias2009() ChiouYoungs2014() AtkinsonBoore2003SSlabCascadia() Abrahamson,0.00195312
240,b1~b14_b24_b31_b41_@_b71,2015_H_modelcollapsed_faults.xml,ChiouYoungs2014() GhofraniAtkinson2014Cascadia() AbrahamsonEtAl2014() AbrahamsonEtAl2015SSlab() Abra,0.00195312
241,b1~b14_b24_b31_b42_@_b71,2015_H_modelcollapsed_faults.xml,ChiouYoungs2014() GhofraniAtkinson2014Cascadia() AbrahamsonEtAl2014() ZhaoEtAl2006SSlabCascadia() Ab,0.00195312
242,b1~b14_b24_b31_b43_@_b71,2015_H_modelcollapsed_faults.xml,ChiouYoungs2014() GhofraniAtkinson2014Cascadia() AbrahamsonEtAl2014() GarciaEtAl2005SSlab() Abrahams,0.00195312
243,b1~b14_b24_b31_b44_@_b71,2015_H_modelcollapsed_faults.xml,ChiouYoungs2014() GhofraniAtkinson2014Cascadia() AbrahamsonEtAl2014() AtkinsonBoore2003SSlabCascadia,0.00195312
244,b1~b14_b24_b32_b41_@_b71,2015_H_modelcollapsed_faults.xml,ChiouYoungs2014() GhofraniAtkinson2014Cascadia() BooreEtAl2014() AbrahamsonEtAl2015SSlab() Abrahamso,0.00195312
245,b1~b14_b24_b32_b42_@_b71,2015_H_modelcollapsed_faults.xml,ChiouYoungs2014() GhofraniAtkinson2014Cascadia() BooreEtAl2014() ZhaoEtAl2006SSlabCascadia() Abraham,0.00195312
246,b1~b14_b24_b32_b43_@_b71,2015_H_modelcollapsed_faults.xml,ChiouYoungs2014() GhofraniAtkinson2014Cascadia() BooreEtAl2014() GarciaEtAl2005SSlab() AbrahamsonEtA,0.00195312
247,b1~b14_b24_b32_b44_@_b71,2015_H_modelcollapsed_faults.xml,ChiouYoungs2014() GhofraniAtkinson2014Cascadia() BooreEtAl2014() AtkinsonBoore2003SSlabCascadia() Ab,0.00195312
248,b1~b14_b24_b33_b41_@_b71,2015_H_modelcollapsed_faults.xml,ChiouYoungs2014() GhofraniAtkinson2014Cascadia() CampbellBozorgnia2014() AbrahamsonEtAl2015SSlab() A,0.00195312
249,b1~b14_b24_b33_b42_@_b71,2015_H_modelcollapsed_faults.xml,ChiouYoungs2014() GhofraniAtkinson2014Cascadia() CampbellBozorgnia2014() ZhaoEtAl2006SSlabCascadia(),0.00195312
250,b1~b14_b24_b33_b43_@_b71,2015_H_modelcollapsed_faults.xml,ChiouYoungs2014() GhofraniAtkinson2014Cascadia() CampbellBozorgnia2014() GarciaEtAl2005SSlab() Abrah,0.00195312
251,b1~b14_b24_b33_b44_@_b71,2015_H_modelcollapsed_faults.xml,ChiouYoungs2014() GhofraniAtkinson2014Cascadia() CampbellBozorgnia2014() AtkinsonBoore2003SSlabCasca,0.00195312
252,b1~b14_b24_b34_b41_@_b71,2015_H_modelcollapsed_faults.xml,ChiouYoungs2014() GhofraniAtkinson2014Cascadia() ChiouYoungs2014() AbrahamsonEtAl2015SSlab() Abraham,0.00195312
253,b1~b14_b24_b34_b42_@_b71,2015_H_modelcollapsed_faults.xml,ChiouYoungs2014() GhofraniAtkinson2014Cascadia() ChiouYoungs2014() ZhaoEtAl2006SSlabCascadia() Abrah,0.00195312
254,b1~b14_b24_b34_b43_@_b71,2015_H_modelcollapsed_faults.xml,ChiouYoungs2014() GhofraniAtkinson2014Cascadia() ChiouYoungs2014() GarciaEtAl2005SSlab() AbrahamsonE,0.00195312
255,b1~b14_b24_b34_b44_@_b71,2015_H_modelcollapsed_faults.xml,ChiouYoungs2014() GhofraniAtkinson2014Cascadia() ChiouYoungs2014() AtkinsonBoore2003SSlabCascadia() ,0.00195312
256,b2~b11_b21_b31_b41_@_@,2020_H_modelcollapsed_faults.xml,AbrahamsonEtAl2014() AbrahamsonEtAl2015SInter() AbrahamsonEtAl2014() AbrahamsonEtAl2015SSlab() Abrah,0.00195312
257,b2~b11_b21_b31_b42_@_@,2020_H_modelcollapsed_faults.xml,AbrahamsonEtAl2014() AbrahamsonEtAl2015SInter() AbrahamsonEtAl2014() ZhaoEtAl2006SSlabCascadia() Abr,0.00195312
258,b2~b11_b21_b31_b43_@_@,2020_H_modelcollapsed_faults.xml,AbrahamsonEtAl2014() AbrahamsonEtAl2015SInter() AbrahamsonEtAl2014() GarciaEtAl2005SSlab() Abrahamso,0.00195312
259,b2~b11_b21_b31_b44_@_@,2020_H_modelcollapsed_faults.xml,AbrahamsonEtAl2014() AbrahamsonEtAl2015SInter() AbrahamsonEtAl2014() AtkinsonBoore2003SSlabCascadia(,0.00195312
260,b2~b11_b21_b32_b41_@_@,2020_H_modelcollapsed_faults.xml,AbrahamsonEtAl2014() AbrahamsonEtAl2015SInter() BooreEtAl2014() AbrahamsonEtAl2015SSlab() Abrahamson,0.00195312
261,b2~b11_b21_b32_b42_@_@,2020_H_modelcollapsed_faults.xml,AbrahamsonEtAl2014() AbrahamsonEtAl2015SInter() BooreEtAl2014() ZhaoEtAl2006SSlabCascadia() Abrahams,0.00195312
262,b2~b11_b21_b32_b43_@_@,2020_H_modelcollapsed_faults.xml,AbrahamsonEtAl2014() AbrahamsonEtAl2015SInter() BooreEtAl2014() GarciaEtAl2005SSlab() AbrahamsonEtAl,0.00195312
263,b2~b11_b21_b32_b44_@_@,2020_H_modelcollapsed_faults.xml,AbrahamsonEtAl2014() AbrahamsonEtAl2015SInter() BooreEtAl2014() AtkinsonBoore2003SSlabCascadia() Abr,0.00195312
264,b2~b11_b21_b33_b41_@_@,2020_H_modelcollapsed_faults.xml,AbrahamsonEtAl2014() AbrahamsonEtAl2015SInter() CampbellBozorgnia2014() AbrahamsonEtAl2015SSlab() Ab,0.00195312
265,b2~b11_b21_b33_b42_@_@,2020_H_modelcollapsed_faults.xml,AbrahamsonEtAl2014() AbrahamsonEtAl2015SInter() CampbellBozorgnia2014() ZhaoEtAl2006SSlabCascadia() ,0.00195312
266,b2~b11_b21_b33_b43_@_@,2020_H_modelcollapsed_faults.xml,AbrahamsonEtAl2014() AbrahamsonEtAl2015SInter() CampbellBozorgnia2014() GarciaEtAl2005SSlab() Abraha,0.00195312
267,b2~b11_b21_b33_b44_@_@,2020_H_modelcollapsed_faults.xml,AbrahamsonEtAl2014() AbrahamsonEtAl2015SInter() CampbellBozorgnia2014() AtkinsonBoore2003SSlabCascad,0.00195312
268,b2~b11_b21_b34_b41_@_@,2020_H_modelcollapsed_faults.xml,AbrahamsonEtAl2014() AbrahamsonEtAl2015SInter() ChiouYoungs2014() AbrahamsonEtAl2015SSlab() Abrahams,0.00195312
269,b2~b11_b21_b34_b42_@_@,2020_H_modelcollapsed_faults.xml,AbrahamsonEtAl2014() AbrahamsonEtAl2015SInter() ChiouYoungs2014() ZhaoEtAl2006SSlabCascadia() Abraha,0.00195312
270,b2~b11_b21_b34_b43_@_@,2020_H_modelcollapsed_faults.xml,AbrahamsonEtAl2014() AbrahamsonEtAl2015SInter() ChiouYoungs2014() GarciaEtAl2005SSlab() AbrahamsonEt,0.00195312
271,b2~b11_b21_b34_b44_@_@,2020_H_modelcollapsed_faults.xml,AbrahamsonEtAl2014() AbrahamsonEtAl2015SInter() ChiouYoungs2014() AtkinsonBoore2003SSlabCascadia() A,0.00195312
272,b2~b11_b22_b31_b41_@_@,2020_H_modelcollapsed_faults.xml,AbrahamsonEtAl2014() ZhaoEtAl2006SInterCascadia() AbrahamsonEtAl2014() AbrahamsonEtAl2015SSlab() Abr,0.00195312
273,b2~b11_b22_b31_b42_@_@,2020_H_modelcollapsed_faults.xml,AbrahamsonEtAl2014() ZhaoEtAl2006SInterCascadia() AbrahamsonEtAl2014() ZhaoEtAl2006SSlabCascadia() A,0.00195312
274,b2~b11_b22_b31_b43_@_@,2020_H_modelcollapsed_faults.xml,AbrahamsonEtAl2014() ZhaoEtAl2006SInterCascadia() AbrahamsonEtAl2014() GarciaEtAl2005SSlab() Abraham,0.00195312
275,b2~b11_b22_b31_b44_@_@,2020_H_modelcollapsed_faults.xml,AbrahamsonEtAl2014() ZhaoEtAl2006SInterCascadia() AbrahamsonEtAl2014() AtkinsonBoore2003SSlabCascadi,0.00195312
276,b2~b11_b22_b32_b41_@_@,2020_H_modelcollapsed_faults.xml,AbrahamsonEtAl2014() ZhaoEtAl2006SInterCascadia() BooreEtAl2014() AbrahamsonEtAl2015SSlab() Abrahams,0.00195312
277,b2~b11_b22_b32_b42_@_@,2020_H_modelcollapsed_faults.xml,AbrahamsonEtAl2014() ZhaoEtAl2006SInterCascadia() BooreEtAl2014() ZhaoEtAl2006SSlabCascadia() Abraha,0.00195312
278,b2~b11_b22_b32_b43_@_@,2020_H_modelcollapsed_faults.xml,AbrahamsonEtAl2014() ZhaoEtAl2006SInterCascadia() BooreEtAl2014() GarciaEtAl2005SSlab() AbrahamsonEt,0.00195312
279,b2~b11_b22_b32_b44_@_@,2020_H_modelcollapsed_faults.xml,AbrahamsonEtAl2014() ZhaoEtAl2006SInterCascadia() BooreEtAl2014() AtkinsonBoore2003SSlabCascadia() A,0.00195312
280,b2~b11_b22_b33_b41_@_@,2020_H_modelcollapsed_faults.xml,AbrahamsonEtAl2014() ZhaoEtAl2006SInterCascadia() CampbellBozorgnia2014() AbrahamsonEtAl2015SSlab() ,0.00195312
281,b2~b11_b22_b33_b42_@_@,2020_H_modelcollapsed_faults.xml,AbrahamsonEtAl2014() ZhaoEtAl2006SInterCascadia() CampbellBozorgnia2014() ZhaoEtAl2006SSlabCascadia(,0.00195312
282,b2~b11_b22_b33_b43_@_@,2020_H_modelcollapsed_faults.xml,AbrahamsonEtAl2014() ZhaoEtAl2006SInterCascadia() CampbellBozorgnia2014() GarciaEtAl2005SSlab() Abra,0.00195312
283,b2~b11_b22_b33_b44_@_@,2020_H_modelcollapsed_faults.xml,AbrahamsonEtAl2014() ZhaoEtAl2006SInterCascadia() CampbellBozorgnia2014() AtkinsonBoore2003SSlabCasc,0.00195312
284,b2~b11_b22_b34_b41_@_@,2020_H_modelcollapsed_faults.xml,AbrahamsonEtAl2014() ZhaoEtAl2006SInterCascadia() ChiouYoungs2014() AbrahamsonEtAl2015SSlab() Abraha,0.00195312
285,b2~b11_b22_b34_b42_@_@,2020_H_modelcollapsed_faults.xml,AbrahamsonEtAl2014() ZhaoEtAl2006SInterCascadia() ChiouYoungs2014() ZhaoEtAl2006SSlabCascadia() Abra,0.00195312
286,b2~b11_b22_b34_b43_@_@,2020_H_modelcollapsed_faults.xml,AbrahamsonEtAl2014() ZhaoEtAl2006SInterCascadia() ChiouYoungs2014() GarciaEtAl2005SSlab() Abrahamson,0.00195312
287,b2~b11_b22_b34_b44_@_@,2020_H_modelcollapsed_faults.xml,AbrahamsonEtAl2014() ZhaoEtAl2006SInterCascadia() ChiouYoungs2014() AtkinsonBoore2003SSlabCascadia(),0.00195312
288,b2~b11_b23_b31_b41_@_@,2020_H_modelcollapsed_faults.xml,AbrahamsonEtAl2014() AtkinsonMacias2009() AbrahamsonEtAl2014() AbrahamsonEtAl2015SSlab() AbrahamsonE,0.00195312
289,b2~b11_b23_b31_b42_@_@,2020_H_modelcollapsed_faults.xml,AbrahamsonEtAl2014() AtkinsonMacias2009() AbrahamsonEtAl2014() ZhaoEtAl2006SSlabCascadia() Abrahamso,0.00195312
290,b2~b11_b23_b31_b43_@_@,2020_H_modelcollapsed_faults.xml,AbrahamsonEtAl2014() AtkinsonMacias2009() AbrahamsonEtAl2014() GarciaEtAl2005SSlab() AbrahamsonEtAl2,0.00195312
291,b2~b11_b23_b31_b44_@_@,2020_H_modelcollapsed_faults.xml,AbrahamsonEtAl2014() AtkinsonMacias2009() AbrahamsonEtAl2014() AtkinsonBoore2003SSlabCascadia() Abra,0.00195312
292,b2~b11_b23_b32_b41_@_@,2020_H_modelcollapsed_faults.xml,AbrahamsonEtAl2014() AtkinsonMacias2009() BooreEtAl2014() AbrahamsonEtAl2015SSlab() AbrahamsonEtAl20,0.00195312
293,b2~b11_b23_b32_b42_@_@,2020_H_modelcollapsed_faults.xml,AbrahamsonEtAl2014() AtkinsonMacias2009() BooreEtAl2014() ZhaoEtAl2006SSlabCascadia() AbrahamsonEtAl,0.00195312
294,b2~b11_b23_b32_b43_@_@,2020_H_modelcollapsed_faults.xml,AbrahamsonEtAl2014() AtkinsonMacias2009() BooreEtAl2014() GarciaEtAl2005SSlab() AbrahamsonEtAl2014(),0.00195312
295,b2~b11_b23_b32_b44_@_@,2020_H_modelcollapsed_faults.xml,AbrahamsonEtAl2014() AtkinsonMacias2009() BooreEtAl2014() AtkinsonBoore2003SSlabCascadia() Abrahamso,0.00195312
296,b2~b11_b23_b33_b41_@_@,2020_H_modelcollapsed_faults.xml,AbrahamsonEtAl2014() AtkinsonMacias2009() CampbellBozorgnia2014() AbrahamsonEtAl2015SSlab() Abrahams,0.00195312
297,b2~b11_b23_b33_b42_@_@,2020_H_modelcollapsed_faults.xml,AbrahamsonEtAl2014() AtkinsonMacias2009() CampbellBozorgnia2014() ZhaoEtAl2006SSlabCascadia() Abraha,0.00195312
298,b2~b11_b23_b33_b43_@_@,2020_H_modelcollapsed_faults.xml,AbrahamsonEtAl2014() AtkinsonMacias2009() CampbellBozorgnia2014() GarciaEtAl2005SSlab() AbrahamsonEt,0.00195312
299,b2~b11_b23_b33_b44_@_@,2020_H_modelcollapsed_faults.xml,AbrahamsonEtAl2014() AtkinsonMacias2009() CampbellBozorgnia2014() AtkinsonBoore2003SSlabCascadia() A,0.00195312
300,b2~b11_b23_b34_b41_@_@,2020_H_modelcollapsed_faults.xml,AbrahamsonEtAl2014() AtkinsonMacias2009() ChiouYoungs2014() AbrahamsonEtAl2015SSlab() AbrahamsonEtAl,0.00195312
301,b2~b11_b23_b34_b42_@_@,2020_H_modelcollapsed_faults.xml,AbrahamsonEtAl2014() AtkinsonMacias2009() ChiouYoungs2014() ZhaoEtAl2006SSlabCascadia() AbrahamsonEt,0.00195312
302,b2~b11_b23_b34_b43_@_@,2020_H_modelcollapsed_faults.xml,AbrahamsonEtAl2014() AtkinsonMacias2009() ChiouYoungs2014() GarciaEtAl2005SSlab() AbrahamsonEtAl2014,0.00195312
303,b2~b11_b23_b34_b44_@_@,2020_H_modelcollapsed_faults.xml,AbrahamsonEtAl2014() AtkinsonMacias2009() ChiouYoungs2014() AtkinsonBoore2003SSlabCascadia() Abraham,0.00195312
304,b2~b11_b24_b31_b41_@_@,2020_H_modelcollapsed_faults.xml,AbrahamsonEtAl2014() GhofraniAtkinson2014Cascadia() AbrahamsonEtAl2014() AbrahamsonEtAl2015SSlab() A,0.00195312
305,b2~b11_b24_b31_b42_@_@,2020_H_modelcollapsed_faults.xml,AbrahamsonEtAl2014() GhofraniAtkinson2014Cascadia() AbrahamsonEtAl2014() ZhaoEtAl2006SSlabCascadia(),0.00195312
306,b2~b11_b24_b31_b43_@_@,2020_H_modelcollapsed_faults.xml,AbrahamsonEtAl2014() GhofraniAtkinson2014Cascadia() AbrahamsonEtAl2014() GarciaEtAl2005SSlab() Abrah,0.00195312
307,b2~b11_b24_b31_b44_@_@,2020_H_modelcollapsed_faults.xml,AbrahamsonEtAl2014() GhofraniAtkinson2014Cascadia() AbrahamsonEtAl2014() AtkinsonBoore2003SSlabCasca,0.00195312
308,b2~b11_b24_b32_b41_@_@,2020_H_modelcollapsed_faults.xml,AbrahamsonEtAl2014() GhofraniAtkinson2014Cascadia() BooreEtAl2014() AbrahamsonEtAl2015SSlab() Abraha,0.00195312
309,b2~b11_b24_b32_b42_@_@,2020_H_modelcollapsed_faults.xml,AbrahamsonEtAl2014() GhofraniAtkinson2014Cascadia() BooreEtAl2014() ZhaoEtAl2006SSlabCascadia() Abra,0.00195312
310,b2~b11_b24_b32_b43_@_@,2020_H_modelcollapsed_faults.xml,AbrahamsonEtAl2014() GhofraniAtkinson2014Cascadia() BooreEtAl2014() GarciaEtAl2005SSlab() Abrahamson,0.00195312
311,b2~b11_b24_b32_b44_@_@,2020_H_modelcollapsed_faults.xml,AbrahamsonEtAl2014() GhofraniAtkinson2014Cascadia() BooreEtAl2014() AtkinsonBoore2003SSlabCascadia(),0.00195312
312,b2~b11_b24_b33_b41_@_@,2020_H_modelcollapsed_faults.xml,AbrahamsonEtAl2014() GhofraniAtkinson2014Cascadia() CampbellBozorgnia2014() AbrahamsonEtAl2015SSlab(,0.00195312
313,b2~b11_b24_b33_b42_@_@,2020_H_modelcollapsed_faults.xml,AbrahamsonEtAl2014() GhofraniAtkinson2014Cascadia() CampbellBozorgnia2014() ZhaoEtAl2006SSlabCascadi,0.00195312
314,b2~b11_b24_b33_b43_@_@,2020_H_modelcollapsed_faults.xml,AbrahamsonEtAl2014() GhofraniAtkinson2014Cascadia() CampbellBozorgnia2014() GarciaEtAl2005SSlab() Ab,0.00195312
315,b2~b11_b24_b33_b44_@_@,2020_H_modelcollapsed_faults.xml,AbrahamsonEtAl2014() GhofraniAtkinson2014Cascadia() CampbellBozorgnia2014() AtkinsonBoore2003SSlabCa,0.00195312
316,b2~b11_b24_b34_b41_@_@,2020_H_modelcollapsed_faults.xml,AbrahamsonEtAl2014() GhofraniAtkinson2014Cascadia() ChiouYoungs2014() AbrahamsonEtAl2015SSlab() Abra,0.00195312
317,b2~b11_b24_b34_b42_@_@,2020_H_modelcollapsed_faults.xml,AbrahamsonEtAl2014() GhofraniAtkinson2014Cascadia() ChiouYoungs2014() ZhaoEtAl2006SSlabCascadia() Ab,0.00195312
318,b2~b11_b24_b34_b43_@_@,2020_H_modelcollapsed_faults.xml,AbrahamsonEtAl2014() GhofraniAtkinson2014Cascadia() ChiouYoungs2014() GarciaEtAl2005SSlab() Abrahams,0.00195312
319,b2~b11_b24_b34_b44_@_@,2020_H_modelcollapsed_faults.xml,AbrahamsonEtAl2014() GhofraniAtkinson2014Cascadia() ChiouYoungs2014() AtkinsonBoore2003SSlabCascadia,0.00195312
320,b2~b12_b21_b31_b41_@_@,2020_H_modelcollapsed_faults.xml,BooreEtAl2014() AbrahamsonEtAl2015SInter() AbrahamsonEtAl2014() AbrahamsonEtAl2015SSlab() Abrahamson,0.00195312
321,b2~b12_b21_b31_b42_@_@,2020_H_modelcollapsed_faults.xml,BooreEtAl2014() AbrahamsonEtAl2015SInter() AbrahamsonEtAl2014() ZhaoEtAl2006SSlabCascadia() Abrahams,0.00195312
322,b2~b12_b21_b31_b43_@_@,2020_H_modelcollapsed_faults.xml,BooreEtAl2014() AbrahamsonEtAl2015SInter() AbrahamsonEtAl2014() GarciaEtAl2005SSlab() AbrahamsonEtAl,0.00195312
323,b2~b12_b21_b31_b44_@_@,2020_H_modelcollapsed_faults.xml,BooreEtAl2014() AbrahamsonEtAl2015SInter() AbrahamsonEtAl2014() AtkinsonBoore2003SSlabCascadia() Abr,0.00195312
324,b2~b12_b21_b32_b41_@_@,2020_H_modelcollapsed_faults.xml,BooreEtAl2014() AbrahamsonEtAl2015SInter() BooreEtAl2014() AbrahamsonEtAl2015SSlab() AbrahamsonEtAl2,0.00195312
325,b2~b12_b21_b32_b42_@_@,2020_H_modelcollapsed_faults.xml,BooreEtAl2014() AbrahamsonEtAl2015SInter() BooreEtAl2014() ZhaoEtAl2006SSlabCascadia() AbrahamsonEtA,0.00195312
326,b2~b12_b21_b32_b43_@_@,2020_H_modelcollapsed_faults.xml,BooreEtAl2014() AbrahamsonEtAl2015SInter() BooreEtAl2014() GarciaEtAl2005SSlab() AbrahamsonEtAl2014(,0.00195312
327,b2~b12_b21_b32_b44_@_@,2020_H_modelcollapsed_faults.xml,BooreEtAl2014() AbrahamsonEtAl2015SInter() BooreEtAl2014() AtkinsonBoore2003SSlabCascadia() Abrahams,0.00195312
328,b2~b12_b21_b33_b41_@_@,2020_H_modelcollapsed_faults.xml,BooreEtAl2014() AbrahamsonEtAl2015SInter() CampbellBozorgnia2014() AbrahamsonEtAl2015SSlab() Abraham,0.00195312
329,b2~b12_b21_b33_b42_@_@,2020_H_modelcollapsed_faults.xml,BooreEtAl2014() AbrahamsonEtAl2015SInter() CampbellBozorgnia2014() ZhaoEtAl2006SSlabCascadia() Abrah,0.00195312
330,b2~b12_b21_b33_b43_@_@,2020_H_modelcollapsed_faults.xml,BooreEtAl2014() AbrahamsonEtAl2015SInter() CampbellBozorgnia2014() GarciaEtAl2005SSlab() AbrahamsonE,0.00195312
331,b2~b12_b21_b33_b44_@_@,2020_H_modelcollapsed_faults.xml,BooreEtAl2014() AbrahamsonEtAl2015SInter() CampbellBozorgnia2014() AtkinsonBoore2003SSlabCascadia() ,0.00195312
332,b2~b12_b21_b34_b41_@_@,2020_H_modelcollapsed_faults.xml,BooreEtAl2014() AbrahamsonEtAl2015SInter() ChiouYoungs2014() AbrahamsonEtAl2015SSlab() AbrahamsonEtA,0.00195312
333,b2~b12_b21_b34_b42_@_@,2020_H_modelcollapsed_faults.xml,BooreEtAl2014() AbrahamsonEtAl2015SInter() ChiouYoungs2014() ZhaoEtAl2006SSlabCascadia() AbrahamsonE,0.00195312
334,b2~b12_b21_b34_b43_@_@,2020_H_modelcollapsed_faults.xml,BooreEtAl2014() AbrahamsonEtAl2015SInter() ChiouYoungs2014() GarciaEtAl2005SSlab() AbrahamsonEtAl201,0.00195312
335,b2~b12_b21_b34_b44_@_@,2020_H_modelcollapsed_faults.xml,BooreEtAl2014() AbrahamsonEtAl2015SInter() ChiouYoungs2014() AtkinsonBoore2003SSlabCascadia() Abraha,0.00195312
336,b2~b12_b22_b31_b41_@_@,2020_H_modelcollapsed_faults.xml,BooreEtAl2014() ZhaoEtAl2006SInterCascadia() AbrahamsonEtAl2014() AbrahamsonEtAl2015SSlab() Abrahams,0.00195312
337,b2~b12_b22_b31_b42_@_@,2020_H_modelcollapsed_faults.xml,BooreEtAl2014() ZhaoEtAl2006SInterCascadia() AbrahamsonEtAl2014() ZhaoEtAl2006SSlabCascadia() Abraha,0.00195312
338,b2~b12_b22_b31_b43_@_@,2020_H_modelcollapsed_faults.xml,BooreEtAl2014() ZhaoEtAl2006SInterCascadia() AbrahamsonEtAl2014() GarciaEtAl2005SSlab() AbrahamsonEt,0.00195312
339,b2~b12_b22_b31_b44_@_@,2020_H_modelcollapsed_faults.xml,BooreEtAl2014() ZhaoEtAl2006SInterCascadia() AbrahamsonEtAl2014() AtkinsonBoore2003SSlabCascadia() A,0.00195312
340,b2~b12_b22_b32_b41_@_@,2020_H_modelcollapsed_faults.xml,BooreEtAl2014() ZhaoEtAl2006SInterCascadia() BooreEtAl2014() AbrahamsonEtAl2015SSlab() AbrahamsonEtA,0.00195312
341,b2~b12_b22_b32_b42_@_@,2020_H_modelcollapsed_faults.xml,BooreEtAl2014() ZhaoEtAl2006SInterCascadia() BooreEtAl2014() ZhaoEtAl2006SSlabCascadia() AbrahamsonE,0.00195312
342,b2~b12_b22_b32_b43_@_@,2020_H_modelcollapsed_faults.xml,BooreEtAl2014() ZhaoEtAl2006SInterCascadia() BooreEtAl2014() GarciaEtAl2005SSlab() AbrahamsonEtAl201,0.00195312
343,b2~b12_b22_b32_b44_@_@,2020_H_modelcollapsed_faults.xml,BooreEtAl2014() ZhaoEtAl2006SInterCascadia() BooreEtAl2014() AtkinsonBoore2003SSlabCascadia() Abraha,0.00195312
344,b2~b12_b22_b33_b41_@_@,2020_H_modelcollapsed_faults.xml,BooreEtAl2014() ZhaoEtAl2006SInterCascadia() CampbellBozorgnia2014() AbrahamsonEtAl2015SSlab() Abrah,0.00195312
345,b2~b12_b22_b33_b42_@_@,2020_H_modelcollapsed_faults.xml,BooreEtAl2014() ZhaoEtAl2006SInterCascadia() CampbellBozorgnia2014() ZhaoEtAl2006SSlabCascadia() Abr,0.00195312
346,b2~b12_b22_b33_b43_@_@,2020_H_modelcollapsed_faults.xml,BooreEtAl2014() ZhaoEtAl2006SInterCascadia() CampbellBozorgnia2014() GarciaEtAl2005SSlab() Abrahamso,0.00195312
347,b2~b12_b22_b33_b44_@_@,2020_H_modelcollapsed_faults.xml,BooreEtAl2014() ZhaoEtAl2006SInterCascadia() CampbellBozorgnia2014() AtkinsonBoore2003SSlabCascadia(,0.00195312
348,b2~b12_b22_b34_b41_@_@,2020_H_modelcollapsed_faults.xml,BooreEtAl2014() ZhaoEtAl2006SInterCascadia() ChiouYoungs2014() AbrahamsonEtAl2015SSlab() AbrahamsonE,0.00195312
349,b2~b12_b22_b34_b42_@_@,2020_H_modelcollapsed_faults.xml,BooreEtAl2014() ZhaoEtAl2006SInterCascadia() ChiouYoungs2014() ZhaoEtAl2006SSlabCascadia() Abrahamso,0.00195312
350,b2~b12_b22_b34_b43_@_@,2020_H_modelcollapsed_faults.xml,BooreEtAl2014() ZhaoEtAl2006SInterCascadia() ChiouYoungs2014() GarciaEtAl2005SSlab() AbrahamsonEtAl2,0.00195312
351,b2~b12_b22_b34_b44_@_@,2020_H_modelcollapsed_faults.xml,BooreEtAl2014() ZhaoEtAl2006SInterCascadia() ChiouYoungs2014() AtkinsonBoore2003SSlabCascadia() Abra,0.00195312
352,b2~b12_b23_b31_b41_@_@,2020_H_modelcollapsed_faults.xml,BooreEtAl2014() AtkinsonMacias2009() AbrahamsonEtAl2014() AbrahamsonEtAl2015SSlab() AbrahamsonEtAl20,0.00195312
353,b2~b12_b23_b31_b42_@_@,2020_H_modelcollapsed_faults.xml,BooreEtAl2014() AtkinsonMacias2009() AbrahamsonEtAl2014() ZhaoEtAl2006SSlabCascadia() AbrahamsonEtAl,0.00195312
354,b2~b12_b23_b31_b43_@_@,2020_H_modelcollapsed_faults.xml,BooreEtAl2014() AtkinsonMacias2009() AbrahamsonEtAl2014() GarciaEtAl2005SSlab() AbrahamsonEtAl2014(),0.00195312
355,b2~b12_b23_b31_b44_@_@,2020_H_modelcollapsed_faults.xml,BooreEtAl2014() AtkinsonMacias2009() AbrahamsonEtAl2014() AtkinsonBoore2003SSlabCascadia() Abrahamso,0.00195312
356,b2~b12_b23_b32_b41_@_@,2020_H_modelcollapsed_faults.xml,BooreEtAl2014() AtkinsonMacias2009() BooreEtAl2014() AbrahamsonEtAl2015SSlab() AbrahamsonEtAl2014() ,0.00195312
357,b2~b12_b23_b32_b42_@_@,2020_H_modelcollapsed_faults.xml,BooreEtAl2014() AtkinsonMacias2009() BooreEtAl2014() ZhaoEtAl2006SSlabCascadia() AbrahamsonEtAl2014(,0.00195312
358,b2~b12_b23_b32_b43_@_@,2020_H_modelcollapsed_faults.xml,BooreEtAl2014() AtkinsonMacias2009() BooreEtAl2014() GarciaEtAl2005SSlab() AbrahamsonEtAl2014() Atki,0.00195312
359,b2~b12_b23_b32_b44_@_@,2020_H_modelcollapsed_faults.xml,BooreEtAl2014() AtkinsonMacias2009() BooreEtAl2014() AtkinsonBoore2003SSlabCascadia() AbrahamsonEtAl,0.00195312
360,b2~b12_b23_b33_b41_@_@,2020_H_modelcollapsed_faults.xml,BooreEtAl2014() AtkinsonMacias2009() CampbellBozorgnia2014() AbrahamsonEtAl2015SSlab() AbrahamsonEtA,0.00195312
361,b2~b12_b23_b33_b42_@_@,2020_H_modelcollapsed_faults.xml,BooreEtAl2014() AtkinsonMacias2009() CampbellBozorgnia2014() ZhaoEtAl2006SSlabCascadia() AbrahamsonE,0.00195312
362,b2~b12_b23_b33_b43_@_@,2020_H_modelcollapsed_faults.xml,BooreEtAl2014() AtkinsonMacias2009() CampbellBozorgnia2014() GarciaEtAl2005SSlab() AbrahamsonEtAl201,0.00195312
363,b2~b12_b23_b33_b44_@_@,2020_H_modelcollapsed_faults.xml,BooreEtAl2014() AtkinsonMacias2009() CampbellBozorgnia2014() AtkinsonBoore2003SSlabCascadia() Abraha,0.00195312
364,b2~b12_b23_b34_b41_@_@,2020_H_modelcollapsed_faults.xml,BooreEtAl2014() AtkinsonMacias2009() ChiouYoungs2014() AbrahamsonEtAl2015SSlab() AbrahamsonEtAl2014(,0.00195312
365,b2~b12_b23_b34_b42_@_@,2020_H_modelcollapsed_faults.xml,BooreEtAl2014() AtkinsonMacias2009() ChiouYoungs2014() ZhaoEtAl2006SSlabCascadia() AbrahamsonEtAl201,0.00195312
366,b2~b12_b23_b34_b43_@_@,2020_H_modelcollapsed_faults.xml,BooreEtAl2014() AtkinsonMacias2009() ChiouYoungs2014() GarciaEtAl2005SSlab() AbrahamsonEtAl2014() At,0.00195312
367,b2~b12_b23_b34_b44_@_@,2020_H_modelcollapsed_faults.xml,BooreEtAl2014() AtkinsonMacias2009() ChiouYoungs2014() AtkinsonBoore2003SSlabCascadia() AbrahamsonEt,0.00195312
368,b2~b12_b24_b31_b41_@_@,2020_H_modelcollapsed_faults.xml,BooreEtAl2014() GhofraniAtkinson2014Cascadia() AbrahamsonEtAl2014() AbrahamsonEtAl2015SSlab() Abraha,0.00195312
369,b2~b12_b24_b31_b42_@_@,2020_H_modelcollapsed_faults.xml,BooreEtAl2014() GhofraniAtkinson2014Cascadia() AbrahamsonEtAl2014() ZhaoEtAl2006SSlabCascadia() Abra,0.00195312
370,b2~b12_b24_b31_b43_@_@,2020_H_modelcollapsed_faults.xml,BooreEtAl2014() GhofraniAtkinson2014Cascadia() AbrahamsonEtAl2014() GarciaEtAl2005SSlab() Abrahamson,0.00195312
371,b2~b12_b24_b31_b44_@_@,2020_H_modelcollapsed_faults.xml,BooreEtAl2014() GhofraniAtkinson2014Cascadia() AbrahamsonEtAl2014() AtkinsonBoore2003SSlabCascadia(),0.00195312
372,b2~b12_b24_b32_b41_@_@,2020_H_modelcollapsed_faults.xml,BooreEtAl2014() GhofraniAtkinson2014Cascadia() BooreEtAl2014() AbrahamsonEtAl2015SSlab() AbrahamsonE,0.00195312
373,b2~b12_b24_b32_b42_@_@,2020_H_modelcollapsed_faults.xml,BooreEtAl2014() GhofraniAtkinson2014Cascadia() BooreEtAl2014() ZhaoEtAl2006SSlabCascadia() Abrahamso,0.00195312
374,b2~b12_b24_b32_b43_@_@,2020_H_modelcollapsed_faults.xml,BooreEtAl2014() GhofraniAtkinson2014Cascadia() BooreEtAl2014() GarciaEtAl2005SSlab() AbrahamsonEtAl2,0.00195312
375,b2~b12_b24_b32_b44_@_@,2020_H_modelcollapsed_faults.xml,BooreEtAl2014() GhofraniAtkinson2014Cascadia() BooreEtAl2014() AtkinsonBoore2003SSlabCascadia() Abra,0.00195312
376,b2~b12_b24_b33_b41_@_@,2020_H_modelcollapsed_faults.xml,BooreEtAl2014() GhofraniAtkinson2014Cascadia() CampbellBozorgnia2014() AbrahamsonEtAl2015SSlab() Abr,0.00195312
377,b2~b12_b24_b33_b42_@_@,2020_H_modelcollapsed_faults.xml,BooreEtAl2014() GhofraniAtkinson2014Cascadia() CampbellBozorgnia2014() ZhaoEtAl2006SSlabCascadia() A,0.00195312
378,b2~b12_b24_b33_b43_@_@,2020_H_modelcollapsed_faults.xml,BooreEtAl2014() GhofraniAtkinson2014Cascadia() CampbellBozorgnia2014() GarciaEtAl2005SSlab() Abraham,0.00195312
379,b2~b12_b24_b33_b44_@_@,2020_H_modelcollapsed_faults.xml,BooreEtAl2014() GhofraniAtkinson2014Cascadia() CampbellBozorgnia2014() AtkinsonBoore2003SSlabCascadi,0.00195312
380,b2~b12_b24_b34_b41_@_@,2020_H_modelcollapsed_faults.xml,BooreEtAl2014() GhofraniAtkinson2014Cascadia() ChiouYoungs2014() AbrahamsonEtAl2015SSlab() Abrahamso,0.00195312
381,b2~b12_b24_b34_b42_@_@,2020_H_modelcollapsed_faults.xml,BooreEtAl2014() GhofraniAtkinson2014Cascadia() ChiouYoungs2014() ZhaoEtAl2006SSlabCascadia() Abraham,0.00195312
382,b2~b12_b24_b34_b43_@_@,2020_H_modelcollapsed_faults.xml,BooreEtAl2014() GhofraniAtkinson2014Cascadia() ChiouYoungs2014() GarciaEtAl2005SSlab() AbrahamsonEtA,0.00195312
383,b2~b12_b24_b34_b44_@_@,2020_H_modelcollapsed_faults.xml,BooreEtAl2014() GhofraniAtkinson2014Cascadia() ChiouYoungs2014() AtkinsonBoore2003SSlabCascadia() Ab,0.00195312
384,b2~b13_b21_b31_b41_@_@,2020_H_modelcollapsed_faults.xml,CampbellBozorgnia2014() AbrahamsonEtAl2015SInter() AbrahamsonEtAl2014() AbrahamsonEtAl2015SSlab() Ab,0.00195312
385,b2~b13_b21_b31_b42_@_@,2020_H_modelcollapsed_faults.xml,CampbellBozorgnia2014() AbrahamsonEtAl2015SInter() AbrahamsonEtAl2014() ZhaoEtAl2006SSlabCascadia() ,0.00195312
386,b2~b13_b21_b31_b43_@_@,2020_H_modelcollapsed_faults.xml,CampbellBozorgnia2014() AbrahamsonEtAl2015SInter() AbrahamsonEtAl2014() GarciaEtAl2005SSlab() Abraha,0.00195312
387,b2~b13_b21_b31_b44_@_@,2020_H_modelcollapsed_faults.xml,CampbellBozorgnia2014() AbrahamsonEtAl2015SInter() AbrahamsonEtAl2014() AtkinsonBoore2003SSlabCascad,0.00195312
388,b2~b13_b21_b32_b41_@_@,2020_H_modelcollapsed_faults.xml,CampbellBozorgnia2014() AbrahamsonEtAl2015SInter() BooreEtAl2014() AbrahamsonEtAl2015SSlab() Abraham,0.00195312
389,b2~b13_b21_b32_b42_@_@,2020_H_modelcollapsed_faults.xml,CampbellBozorgnia2014() AbrahamsonEtAl2015SInter() BooreEtAl2014() ZhaoEtAl2006SSlabCascadia() Abrah,0.00195312
390,b2~b13_b21_b32_b43_@_@,2020_H_modelcollapsed_faults.xml,CampbellBozorgnia2014() AbrahamsonEtAl2015SInter() BooreEtAl2014() GarciaEtAl2005SSlab() AbrahamsonE,0.00195312
391,b2~b13_b21_b32_b44_@_@,2020_H_modelcollapsed_faults.xml,CampbellBozorgnia2014() AbrahamsonEtAl2015SInter() BooreEtAl2014() AtkinsonBoore2003SSlabCascadia() ,0.00195312
392,b2~b13_b21_b33_b41_@_@,2020_H_modelcollapsed_faults.xml,CampbellBozorgnia2014() AbrahamsonEtAl2015SInter() CampbellBozorgnia2014() AbrahamsonEtAl2015SSlab(),0.00195312
393,b2~b13_b21_b33_b42_@_@,2020_H_modelcollapsed_faults.xml,CampbellBozorgnia2014() AbrahamsonEtAl2015SInter() CampbellBozorgnia2014() ZhaoEtAl2006SSlabCascadia,0.00195312
394,b2~b13_b21_b33_b43_@_@,2020_H_modelcollapsed_faults.xml,CampbellBozorgnia2014() AbrahamsonEtAl2015SInter() CampbellBozorgnia2014() GarciaEtAl2005SSlab() Abr,0.00195312
395,b2~b13_b21_b33_b44_@_@,2020_H_modelcollapsed_faults.xml,CampbellBozorgnia2014() AbrahamsonEtAl2015SInter() CampbellBozorgnia2014() AtkinsonBoore2003SSlabCas,0.00195312
396,b2~b13_b21_b34_b41_@_@,2020_H_modelcollapsed_faults.xml,CampbellBozorgnia2014() AbrahamsonEtAl2015SInter() ChiouYoungs2014() AbrahamsonEtAl2015SSlab() Abrah,0.00195312
397,b2~b13_b21_b34_b42_@_@,2020_H_modelcollapsed_faults.xml,CampbellBozorgnia2014() AbrahamsonEtAl2015SInter() ChiouYoungs2014() ZhaoEtAl2006SSlabCascadia() Abr,0.00195312
398,b2~b13_b21_b34_b43_@_@,2020_H_modelcollapsed_faults.xml,CampbellBozorgnia2014() AbrahamsonEtAl2015SInter() ChiouYoungs2014() GarciaEtAl2005SSlab() Abrahamso,0.00195312
399,b2~b13_b21_b34_b44_@_@,2020_H_modelcollapsed_faults.xml,CampbellBozorgnia2014() AbrahamsonEtAl2015SInter() ChiouYoungs2014() AtkinsonBoore2003SSlabCascadia(,0.00195312
400,b2~b13_b22_b31_b41_@_@,2020_H_modelcollapsed_faults.xml,CampbellBozorgnia2014() ZhaoEtAl2006SInterCascadia() AbrahamsonEtAl2014() AbrahamsonEtAl2015SSlab() ,0.00195312
401,b2~b13_b22_b31_b42_@_@,2020_H_modelcollapsed_faults.xml,CampbellBozorgnia2014() ZhaoEtAl2006SInterCascadia() AbrahamsonEtAl2014() ZhaoEtAl2006SSlabCascadia(,0.00195312
402,b2~b13_b22_b31_b43_@_@,2020_H_modelcollapsed_faults.xml,CampbellBozorgnia2014() ZhaoEtAl2006SInterCascadia() AbrahamsonEtAl2014() GarciaEtAl2005SSlab() Abra,0.00195312
403,b2~b13_b22_b31_b44_@_@,2020_H_modelcollapsed_faults.xml,CampbellBozorgnia2014() ZhaoEtAl2006SInterCascadia() AbrahamsonEtAl2014() AtkinsonBoore2003SSlabCasc,0.00195312
404,b2~b13_b22_b32_b41_@_@,2020_H_modelcollapsed_faults.xml,CampbellBozorgnia2014() ZhaoEtAl2006SInterCascadia() BooreEtAl2014() AbrahamsonEtAl2015SSlab() Abrah,0.00195312
405,b2~b13_b22_b32_b42_@_@,2020_H_modelcollapsed_faults.xml,CampbellBozorgnia2014() ZhaoEtAl2006SInterCascadia() BooreEtAl2014() ZhaoEtAl2006SSlabCascadia() Abr,0.00195312
406,b2~b13_b22_b32_b43_@_@,2020_H_modelcollapsed_faults.xml,CampbellBozorgnia2014() ZhaoEtAl2006SInterCascadia() BooreEtAl2014() GarciaEtAl2005SSlab() Abrahamso,0.00195312
407,b2~b13_b22_b32_b44_@_@,2020_H_modelcollapsed_faults.xml,CampbellBozorgnia2014() ZhaoEtAl2006SInterCascadia() BooreEtAl2014() AtkinsonBoore2003SSlabCascadia(,0.00195312
408,b2~b13_b22_b33_b41_@_@,2020_H_modelcollapsed_faults.xml,CampbellBozorgnia2014() ZhaoEtAl2006SInterCascadia() CampbellBozorgnia2014() AbrahamsonEtAl2015SSlab,0.00195312
409,b2~b13_b22_b33_b42_@_@,2020_H_modelcollapsed_faults.xml,CampbellBozorgnia2014() ZhaoEtAl2006SInterCascadia() CampbellBozorgnia2014() ZhaoEtAl2006SSlabCascad,0.00195312
410,b2~b13_b22_b33_b43_@_@,2020_H_modelcollapsed_faults.xml,CampbellBozorgnia2014() ZhaoEtAl2006SInterCascadia() CampbellBozorgnia2014() GarciaEtAl2005SSlab() A,0.00195312
411,b2~b13_b22_b33_b44_@_@,2020_H_modelcollapsed_faults.xml,CampbellBozorgnia2014() ZhaoEtAl2006SInterCascadia() CampbellBozorgnia2014() AtkinsonBoore2003SSlabC,0.00195312
412,b2~b13_b22_b34_b41_@_@,2020_H_modelcollapsed_faults.xml,CampbellBozorgnia2014() ZhaoEtAl2006SInterCascadia() ChiouYoungs2014() AbrahamsonEtAl2015SSlab() Abr,0.00195312
413,b2~b13_b22_b34_b42_@_@,2020_H_modelcollapsed_faults.xml,CampbellBozorgnia2014() ZhaoEtAl2006SInterCascadia() ChiouYoungs2014() ZhaoEtAl2006SSlabCascadia() A,0.00195312
414,b2~b13_b22_b34_b43_@_@,2020_H_modelcollapsed_faults.xml,CampbellBozorgnia2014() ZhaoEtAl2006SInterCascadia() ChiouYoungs2014() GarciaEtAl2005SSlab() Abraham,0.00195312
415,b2~b13_b22_b34_b44_@_@,2020_H_modelcollapsed_faults.xml,CampbellBozorgnia2014() ZhaoEtAl2006SInterCascadia() ChiouYoungs2014() AtkinsonBoore2003SSlabCascadi,0.00195312
416,b2~b13_b23_b31_b41_@_@,2020_H_modelcollapsed_faults.xml,CampbellBozorgnia2014() AtkinsonMacias2009() AbrahamsonEtAl2014() AbrahamsonEtAl2015SSlab() Abrahams,0.00195312
417,b2~b13_b23_b31_b42_@_@,2020_H_modelcollapsed_faults.xml,CampbellBozorgnia2014() AtkinsonMacias2009() AbrahamsonEtAl2014() ZhaoEtAl2006SSlabCascadia() Abraha,0.00195312
418,b2~b13_b23_b31_b43_@_@,2020_H_modelcollapsed_faults.xml,CampbellBozorgnia2014() AtkinsonMacias2009() AbrahamsonEtAl2014() GarciaEtAl2005SSlab() AbrahamsonEt,0.00195312
419,b2~b13_b23_b31_b44_@_@,2020_H_modelcollapsed_faults.xml,CampbellBozorgnia2014() AtkinsonMacias2009() AbrahamsonEtAl2014() AtkinsonBoore2003SSlabCascadia() A,0.00195312
420,b2~b13_b23_b32_b41_@_@,2020_H_modelcollapsed_faults.xml,CampbellBozorgnia2014() AtkinsonMacias2009() BooreEtAl2014() AbrahamsonEtAl2015SSlab() AbrahamsonEtA,0.00195312
421,b2~b13_b23_b32_b42_@_@,2020_H_modelcollapsed_faults.xml,CampbellBozorgnia2014() AtkinsonMacias2009() BooreEtAl2014() ZhaoEtAl2006SSlabCascadia() AbrahamsonE,0.00195312
422,b2~b13_b23_b32_b43_@_@,2020_H_modelcollapsed_faults.xml,CampbellBozorgnia2014() AtkinsonMacias2009() BooreEtAl2014() GarciaEtAl2005SSlab() AbrahamsonEtAl201,0.00195312
423,b2~b13_b23_b32_b44_@_@,2020_H_modelcollapsed_faults.xml,CampbellBozorgnia2014() AtkinsonMacias2009() BooreEtAl2014() AtkinsonBoore2003SSlabCascadia() Abraha,0.00195312
424,b2~b13_b23_b33_b41_@_@,2020_H_modelcollapsed_faults.xml,CampbellBozorgnia2014() AtkinsonMacias2009() CampbellBozorgnia2014() AbrahamsonEtAl2015SSlab() Abrah,0.00195312
425,b2~b13_b23_b33_b42_@_@,2020_H_modelcollapsed_faults.xml,CampbellBozorgnia2014() AtkinsonMacias2009() CampbellBozorgnia2014() ZhaoEtAl2006SSlabCascadia() Abr,0.00195312
426,b2~b13_b23_b33_b43_@_@,2020_H_modelcollapsed_faults.xml,CampbellBozorgnia2014() AtkinsonMacias2009() CampbellBozorgnia2014() GarciaEtAl2005SSlab() Abrahamso,0.00195312
427,b2~b13_b23_b33_b44_@_@,2020_H_modelcollapsed_faults.xml,CampbellBozorgnia2014() AtkinsonMacias2009() CampbellBozorgnia2014() AtkinsonBoore2003SSlabCascadia(,0.00195312
428,b2~b13_b23_b34_b41_@_@,2020_H_modelcollapsed_faults.xml,CampbellBozorgnia2014() AtkinsonMacias2009() ChiouYoungs2014() AbrahamsonEtAl2015SSlab() AbrahamsonE,0.00195312
429,b2~b13_b23_b34_b42_@_@,2020_H_modelcollapsed_faults.xml,CampbellBozorgnia2014() AtkinsonMacias2009() ChiouYoungs2014() ZhaoEtAl2006SSlabCascadia() Abrahamso,0.00195312
430,b2~b13_b23_b34_b43_@_@,2020_H_modelcollapsed_faults.xml,CampbellBozorgnia2014() AtkinsonMacias2009() ChiouYoungs2014() GarciaEtAl2005SSlab() AbrahamsonEtAl2,0.00195312
431,b2~b13_b23_b34_b44_@_@,2020_H_modelcollapsed_faults.xml,CampbellBozorgnia2014() AtkinsonMacias2009() ChiouYoungs2014() AtkinsonBoore2003SSlabCascadia() Abra,0.00195312
432,b2~b13_b24_b31_b41_@_@,2020_H_modelcollapsed_faults.xml,CampbellBozorgnia2014() GhofraniAtkinson2014Cascadia() AbrahamsonEtAl2014() AbrahamsonEtAl2015SSlab(,0.00195312
433,b2~b13_b24_b31_b42_@_@,2020_H_modelcollapsed_faults.xml,CampbellBozorgnia2014() GhofraniAtkinson2014Cascadia() AbrahamsonEtAl2014() ZhaoEtAl2006SSlabCascadi,0.00195312
434,b2~b13_b24_b31_b43_@_@,2020_H_modelcollapsed_faults.xml,CampbellBozorgnia2014() GhofraniAtkinson2014Cascadia() AbrahamsonEtAl2014() GarciaEtAl2005SSlab() Ab,0.00195312
435,b2~b13_b24_b31_b44_@_@,2020_H_modelcollapsed_faults.xml,CampbellBozorgnia2014() GhofraniAtkinson2014Cascadia() AbrahamsonEtAl2014() AtkinsonBoore2003SSlabCa,0.00195312
436,b2~b13_b24_b32_b41_@_@,2020_H_modelcollapsed_faults.xml,CampbellBozorgnia2014() GhofraniAtkinson2014Cascadia() BooreEtAl2014() AbrahamsonEtAl2015SSlab() Abr,0.00195312
437,b2~b13_b24_b32_b42_@_@,2020_H_modelcollapsed_faults.xml,CampbellBozorgnia2014() GhofraniAtkinson2014Cascadia() BooreEtAl2014() ZhaoEtAl2006SSlabCascadia() A,0.00195312
438,b2~b13_b24_b32_b43_@_@,2020_H_modelcollapsed_faults.xml,CampbellBozorgnia2014() GhofraniAtkinson2014Cascadia() BooreEtAl2014() GarciaEtAl2005SSlab() Abraham,0.00195312
439,b2~b13_b24_b32_b44_@_@,2020_H_modelcollapsed_faults.xml,CampbellBozorgnia2014() GhofraniAtkinson2014Cascadia() BooreEtAl2014() AtkinsonBoore2003SSlabCascadi,0.00195312
440,b2~b13_b24_b33_b41_@_@,2020_H_modelcollapsed_faults.xml,CampbellBozorgnia2014() GhofraniAtkinson2014Cascadia() CampbellBozorgnia2014() AbrahamsonEtAl2015SSl,0.00195312
441,b2~b13_b24_b33_b42_@_@,2020_H_modelcollapsed_faults.xml,CampbellBozorgnia2014() GhofraniAtkinson2014Cascadia() CampbellBozorgnia2014() ZhaoEtAl2006SSlabCasc,0.00195312
442,b2~b13_b24_b33_b43_@_@,2020_H_modelcollapsed_faults.xml,CampbellBozorgnia2014() GhofraniAtkinson2014Cascadia() CampbellBozorgnia2014() GarciaEtAl2005SSlab(),0.00195312
443,b2~b13_b24_b33_b44_@_@,2020_H_modelcollapsed_faults.xml,CampbellBozorgnia2014() GhofraniAtkinson2014Cascadia() CampbellBozorgnia2014() AtkinsonBoore2003SSla,0.00195312
444,b2~b13_b24_b34_b41_@_@,2020_H_modelcollapsed_faults.xml,CampbellBozorgnia2014() GhofraniAtkinson2014Cascadia() ChiouYoungs2014() AbrahamsonEtAl2015SSlab() A,0.00195312
445,b2~b13_b24_b34_b42_@_@,2020_H_modelcollapsed_faults.xml,CampbellBozorgnia2014() GhofraniAtkinson2014Cascadia() ChiouYoungs2014() ZhaoEtAl2006SSlabCascadia(),0.00195312
446,b2~b13_b24_b34_b43_@_@,2020_H_modelcollapsed_faults.xml,CampbellBozorgnia2014() GhofraniAtkinson2014Cascadia() ChiouYoungs2014() GarciaEtAl2005SSlab() Abrah,0.00195312
447,b2~b13_b24_b34_b44_@_@,2020_H_modelcollapsed_faults.xml,CampbellBozorgnia2014() GhofraniAtkinson2014Cascadia() ChiouYoungs2014() AtkinsonBoore2003SSlabCasca,0.00195312
448,b2~b14_b21_b31_b41_@_@,2020_H_modelcollapsed_faults.xml,ChiouYoungs2014() AbrahamsonEtAl2015SInter() AbrahamsonEtAl2014() AbrahamsonEtAl2015SSlab() Abrahams,0.00195312
449,b2~b14_b21_b31_b42_@_@,2020_H_modelcollapsed_faults.xml,ChiouYoungs2014() AbrahamsonEtAl2015SInter() AbrahamsonEtAl2014() ZhaoEtAl2006SSlabCascadia() Abraha,0.00195312
450,b2~b14_b21_b31_b43_@_@,2020_H_modelcollapsed_faults.xml,ChiouYoungs2014() AbrahamsonEtAl2015SInter() AbrahamsonEtAl2014() GarciaEtAl2005SSlab() AbrahamsonEt,0.00195312
451,b2~b14_b21_b31_b44_@_@,2020_H_modelcollapsed_faults.xml,ChiouYoungs2014() AbrahamsonEtAl2015SInter() AbrahamsonEtAl2014() AtkinsonBoore2003SSlabCascadia() A,0.00195312
452,b2~b14_b21_b32_b41_@_@,2020_H_modelcollapsed_faults.xml,ChiouYoungs2014() AbrahamsonEtAl2015SInter() BooreEtAl2014() AbrahamsonEtAl2015SSlab() AbrahamsonEtA,0.00195312
453,b2~b14_b21_b32_b42_@_@,2020_H_modelcollapsed_faults.xml,ChiouYoungs2014() AbrahamsonEtAl2015SInter() BooreEtAl2014() ZhaoEtAl2006SSlabCascadia() AbrahamsonE,0.00195312
454,b2~b14_b21_b32_b43_@_@,2020_H_modelcollapsed_faults.xml,ChiouYoungs2014() AbrahamsonEtAl2015SInter() BooreEtAl2014() GarciaEtAl2005SSlab() AbrahamsonEtAl201,0.00195312
455,b2~b14_b21_b32_b44_@_@,2020_H_modelcollapsed_faults.xml,ChiouYoungs2014() AbrahamsonEtAl2015SInter() BooreEtAl2014() AtkinsonBoore2003SSlabCascadia() Abraha,0.00195312
456,b2~b14_b21_b33_b41_@_@,2020_H_modelcollapsed_faults.xml,ChiouYoungs2014() AbrahamsonEtAl2015SInter() CampbellBozorgnia2014() AbrahamsonEtAl2015SSlab() Abrah,0.00195312
457,b2~b14_b21_b33_b42_@_@,2020_H_modelcollapsed_faults.xml,ChiouYoungs2014() AbrahamsonEtAl2015SInter() CampbellBozorgnia2014() ZhaoEtAl2006SSlabCascadia() Abr,0.00195312
458,b2~b14_b21_b33_b43_@_@,2020_H_modelcollapsed_faults.xml,ChiouYoungs2014() AbrahamsonEtAl2015SInter() CampbellBozorgnia2014() GarciaEtAl2005SSlab() Abrahamso,0.00195312
459,b2~b14_b21_b33_b44_@_@,2020_H_modelcollapsed_faults.xml,ChiouYoungs2014() AbrahamsonEtAl2015SInter() CampbellBozorgnia2014() AtkinsonBoore2003SSlabCascadia(,0.00195312
460,b2~b14_b21_b34_b41_@_@,2020_H_modelcollapsed_faults.xml,ChiouYoungs2014() AbrahamsonEtAl2015SInter() ChiouYoungs2014() AbrahamsonEtAl2015SSlab() AbrahamsonE,0.00195312
461,b2~b14_b21_b34_b42_@_@,2020_H_modelcollapsed_faults.xml,ChiouYoungs2014() AbrahamsonEtAl2015SInter() ChiouYoungs2014() ZhaoEtAl2006SSlabCascadia() Abrahamso,0.00195312
462,b2~b14_b21_b34_b43_@_@,2020_H_modelcollapsed_faults.xml,ChiouYoungs2014() AbrahamsonEtAl2015SInter() ChiouYoungs2014() GarciaEtAl2005SSlab() AbrahamsonEtAl2,0.00195312
463,b2~b14_b21_b34_b44_@_@,2020_H_modelcollapsed_faults.xml,ChiouYoungs2014() AbrahamsonEtAl2015SInter() ChiouYoungs2014() AtkinsonBoore2003SSlabCascadia() Abra,0.00195312
464,b2~b14_b22_b31_b41_@_@,2020_H_modelcollapsed_faults.xml,ChiouYoungs2014() ZhaoEtAl2006SInterCascadia() AbrahamsonEtAl2014() AbrahamsonEtAl2015SSlab() Abraha,0.00195312
465,b2~b14_b22_b31_b42_@_@,2020_H_modelcollapsed_faults.xml,ChiouYoungs2014() ZhaoEtAl2006SInterCascadia() AbrahamsonEtAl2014() ZhaoEtAl2006SSlabCascadia() Abra,0.00195312
466,b2~b14_b22_b31_b43_@_@,2020_H_modelcollapsed_faults.xml,ChiouYoungs2014() ZhaoEtAl2006SInterCascadia() AbrahamsonEtAl2014() GarciaEtAl2005SSlab() Abrahamson,0.00195312
467,b2~b14_b22_b31_b44_@_@,2020_H_modelcollapsed_faults.xml,ChiouYoungs2014() ZhaoEtAl2006SInterCascadia() AbrahamsonEtAl2014() AtkinsonBoore2003SSlabCascadia(),0.00195312
468,b2~b14_b22_b32_b41_@_@,2020_H_modelcollapsed_faults.xml,ChiouYoungs2014() ZhaoEtAl2006SInterCascadia() BooreEtAl2014() AbrahamsonEtAl2015SSlab() AbrahamsonE,0.00195312
469,b2~b14_b22_b32_b42_@_@,2020_H_modelcollapsed_faults.xml,ChiouYoungs2014() ZhaoEtAl2006SInterCascadia() BooreEtAl2014() ZhaoEtAl2006SSlabCascadia() Abrahamso,0.00195312
470,b2~b14_b22_b32_b43_@_@,2020_H_modelcollapsed_faults.xml,ChiouYoungs2014() ZhaoEtAl2006SInterCascadia() BooreEtAl2014() GarciaEtAl2005SSlab() AbrahamsonEtAl2,0.00195312
471,b2~b14_b22_b32_b44_@_@,2020_H_modelcollapsed_faults.xml,ChiouYoungs2014() ZhaoEtAl2006SInterCascadia() BooreEtAl2014() AtkinsonBoore2003SSlabCascadia() Abra,0.00195312
472,b2~b14_b22_b33_b41_@_@,2020_H_modelcollapsed_faults.xml,ChiouYoungs2014() ZhaoEtAl2006SInterCascadia() CampbellBozorgnia2014() AbrahamsonEtAl2015SSlab() Abr,0.00195312
473,b2~b14_b22_b33_b42_@_@,2020_H_modelcollapsed_faults.xml,ChiouYoungs2014() ZhaoEtAl2006SInterCascadia() CampbellBozorgnia2014() ZhaoEtAl2006SSlabCascadia() A,0.00195312
474,b2~b14_b22_b33_b43_@_@,2020_H_modelcollapsed_faults.xml,ChiouYoungs2014() ZhaoEtAl2006SInterCascadia() CampbellBozorgnia2014() GarciaEtAl2005SSlab() Abraham,0.00195312
475,b2~b14_b22_b33_b44_@_@,2020_H_modelcollapsed_faults.xml,ChiouYoungs2014() ZhaoEtAl2006SInterCascadia() CampbellBozorgnia2014() AtkinsonBoore2003SSlabCascadi,0.00195312
476,b2~b14_b22_b34_b41_@_@,2020_H_modelcollapsed_faults.xml,ChiouYoungs2014() ZhaoEtAl2006SInterCascadia() ChiouYoungs2014() AbrahamsonEtAl2015SSlab() Abrahamso,0.00195312
477,b2~b14_b22_b34_b42_@_@,2020_H_modelcollapsed_faults.xml,ChiouYoungs2014() ZhaoEtAl2006SInterCascadia() ChiouYoungs2014() ZhaoEtAl2006SSlabCascadia() Abraham,0.00195312
478,b2~b14_b22_b34_b43_@_@,2020_H_modelcollapsed_faults.xml,ChiouYoungs2014() ZhaoEtAl2006SInterCascadia() ChiouYoungs2014() GarciaEtAl2005SSlab() AbrahamsonEtA,0.00195312
479,b2~b14_b22_b34_b44_@_@,2020_H_modelcollapsed_faults.xml,ChiouYoungs2014() ZhaoEtAl2006SInterCascadia() ChiouYoungs2014() AtkinsonBoore2003SSlabCascadia() Ab,0.00195312
480,b2~b14_b23_b31_b41_@_@,2020_H_modelcollapsed_faults.xml,ChiouYoungs2014() AtkinsonMacias2009() AbrahamsonEtAl2014() AbrahamsonEtAl2015SSlab() AbrahamsonEtAl,0.00195312
481,b2~b14_b23_b31_b42_@_@,2020_H_modelcollapsed_faults.xml,ChiouYoungs2014() AtkinsonMacias2009() AbrahamsonEtAl2014() ZhaoEtAl2006SSlabCascadia() AbrahamsonEt,0.00195312
482,b2~b14_b23_b31_b43_@_@,2020_H_modelcollapsed_faults.xml,ChiouYoungs2014() AtkinsonMacias2009() AbrahamsonEtAl2014() GarciaEtAl2005SSlab() AbrahamsonEtAl2014,0.00195312
483,b2~b14_b23_b31_b44_@_@,2020_H_modelcollapsed_faults.xml,ChiouYoungs2014() AtkinsonMacias2009() AbrahamsonEtAl2014() AtkinsonBoore2003SSlabCascadia() Abraham,0.00195312
484,b2~b14_b23_b32_b41_@_@,2020_H_modelcollapsed_faults.xml,ChiouYoungs2014() AtkinsonMacias2009() BooreEtAl2014() AbrahamsonEtAl2015SSlab() AbrahamsonEtAl2014(,0.00195312
485,b2~b14_b23_b32_b42_@_@,2020_H_modelcollapsed_faults.xml,ChiouYoungs2014() AtkinsonMacias2009() BooreEtAl2014() ZhaoEtAl2006SSlabCascadia() AbrahamsonEtAl201,0.00195312
486,b2~b14_b23_b32_b43_@_@,2020_H_modelcollapsed_faults.xml,ChiouYoungs2014() AtkinsonMacias2009() BooreEtAl2014() GarciaEtAl2005SSlab() AbrahamsonEtAl2014() At,0.00195312
487,b2~b14_b23_b32_b44_@_@,2020_H_modelcollapsed_faults.xml,ChiouYoungs2014() AtkinsonMacias2009() BooreEtAl2014() AtkinsonBoore2003SSlabCascadia() AbrahamsonEt,0.00195312
488,b2~b14_b23_b33_b41_@_@,2020_H_modelcollapsed_faults.xml,ChiouYoungs2014() AtkinsonMacias2009() CampbellBozorgnia2014() AbrahamsonEtAl2015SSlab() AbrahamsonE,0.00195312
489,b2~b14_b23_b33_b42_@_@,2020_H_modelcollapsed_faults.xml,ChiouYoungs2014() AtkinsonMacias2009() CampbellBozorgnia2014() ZhaoEtAl2006SSlabCascadia() Abrahamso,0.00195312
490,b2~b14_b23_b33_b43_@_@,2020_H_modelcollapsed_faults.xml,ChiouYoungs2014() AtkinsonMacias2009() CampbellBozorgnia2014() GarciaEtAl2005SSlab() AbrahamsonEtAl2,0.00195312
491,b2~b14_b23_b33_b44_@_@,2020_H_modelcollapsed_faults.xml,ChiouYoungs2014() AtkinsonMacias2009() CampbellBozorgnia2014() AtkinsonBoore2003SSlabCascadia() Abra,0.00195312
492,b2~b14_b23_b34_b41_@_@,2020_H_modelcollapsed_faults.xml,ChiouYoungs2014() AtkinsonMacias2009() ChiouYoungs2014() AbrahamsonEtAl2015SSlab() AbrahamsonEtAl201,0.00195312
493,b2~b14_b23_b34_b42_@_@,2020_H_modelcollapsed_faults.xml,ChiouYoungs2014() AtkinsonMacias2009() ChiouYoungs2014() ZhaoEtAl2006SSlabCascadia() AbrahamsonEtAl2,0.00195312
494,b2~b14_b23_b34_b43_@_@,2020_H_modelcollapsed_faults.xml,ChiouYoungs2014() AtkinsonMacias2009() ChiouYoungs2014() GarciaEtAl2005SSlab() AbrahamsonEtAl2014() ,0.00195312
495,b2~b14_b23_b34_b44_@_@,2020_H_modelcollapsed_faults.xml,ChiouYoungs2014() AtkinsonMacias2009() ChiouYoungs2014() AtkinsonBoore2003SSlabCascadia() Abrahamson,0.00195312
496,b2~b14_b24_b31_b41_@_@,2020_H_modelcollapsed_faults.xml,ChiouYoungs2014() GhofraniAtkinson2014Cascadia() AbrahamsonEtAl2014() AbrahamsonEtAl2015SSlab() Abra,0.00195312
497,b2~b14_b24_b31_b42_@_@,2020_H_modelcollapsed_faults.xml,ChiouYoungs2014() GhofraniAtkinson2014Cascadia() AbrahamsonEtAl2014() ZhaoEtAl2006SSlabCascadia() Ab,0.00195312
498,b2~b14_b24_b31_b43_@_@,2020_H_modelcollapsed_faults.xml,ChiouYoungs2014() GhofraniAtkinson2014Cascadia() AbrahamsonEtAl2014() GarciaEtAl2005SSlab() Abrahams,0.00195312
499,b2~b14_b24_b31_b44_@_@,2020_H_modelcollapsed_faults.xml,ChiouYoungs2014() GhofraniAtkinson2014Cascadia() AbrahamsonEtAl2014() AtkinsonBoore2003SSlabCascadia,0.00195312
500,b2~b14_b24_b32_b41_@_@,2020_H_modelcollapsed_faults.xml,ChiouYoungs2014() GhofraniAtkinson2014Cascadia() BooreEtAl2014() AbrahamsonEtAl2015SSlab() Abrahamso,0.00195312
501,b2~b14_b24_b32_b42_@_@,2020_H_modelcollapsed_faults.xml,ChiouYoungs2014() GhofraniAtkinson2014Cascadia() BooreEtAl2014() ZhaoEtAl2006SSlabCascadia() Abraham,0.00195312
502,b2~b14_b24_b32_b43_@_@,2020_H_modelcollapsed_faults.xml,ChiouYoungs2014() GhofraniAtkinson2014Cascadia() BooreEtAl2014() GarciaEtAl2005SSlab() AbrahamsonEtA,0.00195312
503,b2~b14_b24_b32_b44_@_@,2020_H_modelcollapsed_faults.xml,ChiouYoungs2014() GhofraniAtkinson2014Cascadia() BooreEtAl2014() AtkinsonBoore2003SSlabCascadia() Ab,0.00195312
504,b2~b14_b24_b33_b41_@_@,2020_H_modelcollapsed_faults.xml,ChiouYoungs2014() GhofraniAtkinson2014Cascadia() CampbellBozorgnia2014() AbrahamsonEtAl2015SSlab() A,0.00195312
505,b2~b14_b24_b33_b42_@_@,2020_H_modelcollapsed_faults.xml,ChiouYoungs2014() GhofraniAtkinson2014Cascadia() CampbellBozorgnia2014() ZhaoEtAl2006SSlabCascadia(),0.00195312
506,b2~b14_b24_b33_b43_@_@,2020_H_modelcollapsed_faults.xml,ChiouYoungs2014() GhofraniAtkinson2014Cascadia() CampbellBozorgnia2014() GarciaEtAl2005SSlab() Abrah,0.00195312
507,b2~b14_b24_b33_b44_@_@,2020_H_modelcollapsed_faults.xml,ChiouYoungs2014() GhofraniAtkinson2014Cascadia() CampbellBozorgnia2014() AtkinsonBoore2003SSlabCasca,0.00195312
508,b2~b14_b24_b34_b41_@_@,2020_H_modelcollapsed_faults.xml,ChiouYoungs2014() GhofraniAtkinson2014Cascadia() ChiouYoungs2014() AbrahamsonEtAl2015SSlab() Abraham,0.00195312
509,b2~b14_b24_b34_b42_@_@,2020_H_modelcollapsed_faults.xml,ChiouYoungs2014() GhofraniAtkinson2014Cascadia() ChiouYoungs2014() ZhaoEtAl2006SSlabCascadia() Abrah,0.00195312
510,b2~b14_b24_b34_b43_@_@,2020_H_modelcollapsed_faults.xml,ChiouYoungs2014() GhofraniAtkinson2014Cascadia() ChiouYoungs2014() GarciaEtAl2005SSlab() AbrahamsonE,0.00195312
511,b2~b14_b24_b34_b44_@_@,2020_H_modelcollapsed_faults.xml,ChiouYoungs2014() GhofraniAtkinson2014Cascadia() ChiouYoungs2014() AtkinsonBoore2003SSlabCascadia() ,0.00195312
